bestandsnaam;titel;dossier;datum;entiteiten;relaties;wijk_of_kern
0. Brief gezamenlijke toezending GR-en.pdf;Toelichting gezamenlijke aanbieding concept gemeenschappelijke regelingen;Wijziging gemeenschappelijke regelingen;;Regio IJsselland, Provincie Overijssel, GGD IJsselland, Omgevingsdienst IJsselland, Regionaal Serviceteam Jeugd IJsselland, Veiligheidsregio IJsselland, Henk Schreuders;Brief van 4 oktober 2023;
0. Gezamenlijke aanbiedingsbrief.pdf;Gezamenlijke aanbieding concept gemeenschappelijke regelingen;Wijziging Gemeenschappelijke Regelingen (GR);;GGD IJsselland, Omgevingsdienst IJsselland, Regionaal Serviceteam Jeugd IJsselland, Veiligheidsregio IJsselland, Gemeenten in de regio IJsselland, Provincie Overijssel, Gemeente Kampen, Gedeputeerde Staten, Provinciale Staten, Henk Schreuders;Voorstellen tot wijziging gemeenschappelijke regelingen (oktober 2023), Zienswijze gemeente Kampen, Zienswijze Provinciale Staten, Aanbiedingsbrief van de omgevingsdienst aan het college van Gedeputeerde Staten, Wet elektronische publicaties (Wep), Wet gemeenschappelijke regelingen (Wgr);
0.0 Lijst Ingekomen Stukken.pdf;Ingekomen stukken voor de gemeenteraadsvergadering van 10 februari 2026;Ingekomen stukken;2026-02-10;VNG, Steenwijk, Vendelweg, college van burgemeester en wethouders, West-Overijssel, Fletcher Hotel, gemeente Steenwijkerland, CU, BGL, Belt-Schultsloot, Dorpsgracht, VE, Natuurmonumenten, A. ten Hoff, H.K. de Groot;Onderhandelaarsresultaat CAO Aan de slag 2026-2027, Informatienota 2026 – 2 - Decembercirculaire 2025 gemeentefonds, Informatienota 2026 – 3 - Regionale Samenwerkingsagenda Energie West-Overijssel, Informatienota 2026 – 4 - Aanvullende analyse Ethos telling, Rapport over het toezicht op het beheer van de niet-overgebrachte archieven 2025, Bewonersbrief betreft mogelijke opvang na-reizigers in Fletcher Hotel, Pachtbeleid gemeente Steenwijkerland, Schriftelijke vragen CU – Verlaging giftengrens 2026, Schriftelijke vragen BGL- Beschoeiing Dorpsgracht Belt-Schultsloot, Schriftelijke vragen VE – Onbeperkt Samenleven, Schriftelijke vragen BGL- Betaald parkeren bezoekerscentrum Natuurmonumenten;
0.1 Zienswijze Evaluatie GR ODIJ.pdf;Motie Zienswijze op de ontwerp gemeenschappelijke regeling ODIJ - Evaluatie;Zienswijze GR;2024-01-31;Provinciale Staten van Overijssel, Omgevingsdienst IJsselland (ODIJ), Peter Hermans, PvdA, Rick Brink, CDA, Joyce Vorgers, GroenLinks, Sybren Stelpstra, CU;Artikel 59 RvO voor Provinciale Staten van Overijssel 2023, Wet gemeenschappelijke regelingen (Wgr), Ontwerp van de gewijzigde GR ODIJ;
0.2 Zienswijze Indienen zienswijzen GR ODIJ.pdf;Motie Indienen zienswijze op de ontwerp gemeenschappelijke regeling ODIJ;Zienswijze GR;2024-01-31;Provinciale Staten van Overijssel, Omgevingsdienst IJsselland (ODIJ), Algemeen bestuur van de GR ODIJ, Peter Hermans (PvdA), Jan Jonker (SGP), Rick Brink (CDA), Joyce Vorgers (GroenLinks), Sybren Stelpstra (CU);Artikel 59 RvO voor Provinciale Staten van Overijssel 2023, Wet gemeenschappelijke regelingen (Wgr), ontwerp gemeenschappelijke regeling Omgevingsdienst IJsselland (ontwerp GR ODIJ);
0.3 Zienswijze gemeente Kampen.pdf;Reactie gemeente Kampen op voorgesteld concept gemeenschappelijke regelingen;Zienswijze GR;2023-12-19;Gemeente Kampen, College van burgemeester en wethouders Kampen, Gemeenteraad Kampen, Veiligheidsregio IJsselland, dhr. Schreuders, VRIJ, GGD, OD, RSJ, S. de Rouwe, Zwolle;Brief d.d. 16 oktober 2023 (voorgestelde wijzigingen van de gemeenschappelijke regelingen VRIJ, GGD, OD en RSJ), Unaniem aangenomen motie gemeenteraad d.d. 14 december 2023 (inzake wijziging evaluatie in gemeenschappelijke regeling);
011 College komt met aangescherpt Masterplan voor nieuw museum.pdf;Aangescherpt Masterplan voor nieuw museum Steenwijkerland;Nieuw museum;2023-02-21;College van B&W, Steenwijk, Steenwijkerland, Wethouder Trijn Jongman, Spijkervetstallen, Museumwerkgroep, Toeristisch Inspiratie Punt, Galerie Steenwijk, Gemeenteraad, Stadsmuseum Steenwijk, Kermis- en Circusmuseum, Hildo Krop Museum, Historische Vereniging Steenwijk e.o., Hildo Krop, Markt, Gasthuisstraat, Onnastraat, Kalverstraat, Dagmar Burgers;Masterplan ‘Op weg naar een nieuw museum in Steenwijkerland’;
03-04-2024 Rapportage geur Overhavendijk Kuinre.pdf;Onderzoek achtergrondbelasting en cumulatieve geurhinder Woningbouwlocatie Overhavendijk Oostzijde te Kuinre;Woningbouw;2024-04-03;Rensen Milieu Advies V.O.F., Fons Rensen, Overhavendijk Oostzijde te Kuinre, N351 Slijkenburgerdijk, Kuinderdiep, Gemeente Steenwijkerland;Wet geurhinder en veehouderij (Wgv), Handreiking Wet geurhinder en veehouderij;
060 Steenwijkerlandse bijdrage aan asiel- en Oekraineopvang_.pdf;Steenwijkerlandse bijdrage aan asiel- en Oekraïneopvang;Asiel- en Oekraïneopvang;2024-08-29;Gemeente Steenwijkerland, College van B&W, Gemeenteraad, Fletcher Hotel Restaurant Steenwijk, Melvin Smit, Commissaris van de Koning, Dagmar Burgers;Spreidingswet, Kader/richting gemeenteraad mei 2023;
1 Goed werkgeverschap na dienstongevallen - brief aan gemeenteraden.pdf;Goed werkgeverschap bij dienstongevallen;Zienswijze GR;2021-12-21;Veiligheidsberaad, Stichting Risicobeheer Veiligheidsregio’s, Stichting Waarborgfonds Veiligheidsregio’s, Raad van Commandanten en Directeuren Veiligheidsregio (RCDV), Veiligheidsregio IJsselland, Autoriteit Financiële Markten (AFM), De Nederlandse Bank (DNB), VNG, VNG Risicobeheer, Verzekeringsbedrijf Groot Amsterdam, R.C. König, A.H. Schreuders;Brief van het Veiligheidsberaad (bijlage 1), Hand-out hoofdpunten (bijlage 2), Ontwerpbesluit (bijlage 3), Wet gemeenschappelijke regelingen, Gemeenschappelijke regeling Veiligheidsregio IJsselland;
1. Aanbiedingsbrief gemeenteraden Veiligheidsregio IJsselland.pdf;Aanbieding Strategische Beleidsagenda 2023 t/m 2026 inclusief bijlagen;Strategische Beleidsagenda Veiligheidsregio IJsselland;2022-10-03;Veiligheidsregio IJsselland, Zwolle, Veiligheidsberaad, Henk Schreuders, P.H. Snijders, A.H. Schreuders, Dagelijks bestuur Veiligheidsregio IJsselland, Algemeen bestuur Veiligheidsregio IJsselland;Wet veiligheidsregio's (Wvr), Infographic 'Samen veiligheid versterken', Crisisplan 2020-2023, Dekkingsplan (voorlopig vastgesteld 8 december 2021), Landelijke handreiking Veiligheidsberaad, Huidige regionaal risicoprofiel, Begroting 2023 Veiligheidsregio IJsselland, Begroting 2024 Veiligheidsregio IJsselland;
1. Kadernota en begroting 2023 dd 21-3-2022.pdf;Kadernota en begroting 2023 RSJ IJsselland;Jeugdzorg (RSJ IJsselland);2022-03-21;RSJ IJsselland, Regio IJsselland, Regio Twente, Rijk, Gecertificeerde Instellingen (GI's), Gidso, RIJM;Visiedocument 2022 - 2025 Jeugd IJsselland, Dienstverleningsovereenkomsten (DVO), Begroting 2022, Inkoopmodel 2018, Besluit BO d.d. 25 maart 2020 over het bestuurlijk trekkerschap, Hervormingsagenda jeugd, Regionale visie Jeugdhulp IJsselland 2021-2025;
1. Toelichting bp Willemsoord_def.pdf;Toelichting Bestemmingsplan Willemsoord – Prins van Oranjelaan;Woningbouw;;Willemsoord, Prins van Oranjelaan, Ir. C.A. Kloosterhuisstraat, Wetland Wonen Groep, Steenwijk, T. Melenhorst;Bestemmingsplan 'Willemsoord – nieuwbouwlocatie', Raadsbesluit van 11 december 2018 'Sociale woningbouw in de noordelijke kernen en Steenwijk', Structuurvisie Infrastructuur en Ruimte (SVIR), Besluit algemene regels ruimtelijke ordening (Barro), Besluit ruimtelijke ordening (Bro);
1.0 GGD - Aanbiedingsbrief GGD IJsselland.pdf;Aanbiedingsbrief Zesde wijziging GR GGD IJsselland;Zienswijze GR;2023-10-16;GGD IJsselland, griffiers kring IJsselland, Omgevingsdienst IJsselland, Regionaal Serviceteam Jeugd IJsselland, M.W.J. van Willigen, A. Schulting;Notities van de griffiers kring IJsselland (2022 en 2023), Wet gemeenschappelijke regelingen (Wgr), Wet elektronische publicaties (Wep), Bijlage 1: Concept modelbesluit colleges tot de zesde wijziging van de Gemeenschappelijke regeling GGD IJsselland, Bijlage 2: Concept toelichting op het modelbesluit tot de zesde wijziging van de Gemeenschappelijke regeling GGD IJsselland per 1 juli 2024, Bijlage 3: Concept-versie aangepaste gemeenschappelijke regeling GGD IJsselland;
1.0 VNG - Ledenraadpleging  _Onderhandelaarsresultaat Cao Aan de slag 2026 - 2027_.pdf;Ledenraadpleging Onderhandelaarsresultaat Cao Aan de slag 2026 - 2027;Cao Aan de slag;2026-01-14;Vereniging van Nederlandse Gemeenten (VNG), Cedris, FNV, CNV, Kamer Inclusieve Arbeid (KIA), College voor Arbeidszaken (CvA), Ministerie van Sociale Zaken en Werkgelegenheid (SZW), Panteia, Rijk, Kabinet, J. Jongepier;Cao Aan de slag 2026 - 2027, Cao SW, Wet allocatie arbeidskrachten door intermediairs (Waadi), Participatiewet, Banenafspraak;
1.1 GGD - Concept GR GGD IJsselland incl concept 6e wijziging versie tbv colleges en zienswijzen raden okt 2023.pdf;Concept Gemeenschappelijke Regeling GGD IJsselland inclusief 6e wijziging;Zienswijze GR;;GGD IJsselland, Dalfsen, Deventer, Hardenberg, Kampen, Olst-Wijhe, Ommen, Raalte, Staphorst, Steenwijkerland, Zwartewaterland, Zwolle, Provincie Overijssel, Veiligheidsregio IJsselland;6e wijziging Gemeenschappelijke regeling GGD IJsselland;
1.1 GGD brief aan colleges besluitvorming 6e wijziging GR GGD voorjaar 2024.pdf;Zesde wijziging GR GGD IJsselland;Wijziging Gemeenschappelijke Regeling (GR);2024-03-28;GGD IJsselland, M.W.J. van Willigen, A. Schulting, Colleges van burgemeester en wethouders van de deelnemende gemeenten;Modelbesluit colleges tot de zesde wijziging van de Gemeenschappelijke regeling GGD IJsselland (Bijlage 1), Toelichting op het modelbesluit tot de zesde wijziging van de Gemeenschappelijke regeling GGD IJsselland (Bijlage 2), Concept-aangepaste gemeenschappelijke regeling GGD IJsselland (Bijlage 3), Wet elektronische publicaties (Wep);
1.2 GGD - Toelichting op Modelbesluit 6e wijziging van de GR GGD IJsselland tbv colleges en zienswijzen raden okt 2023.pdf;Toelichting op het Modelbesluit tot 6e wijziging van de GR GGD IJsselland;Wijziging Gemeenschappelijke Regeling (GR);;GGD IJsselland, Veiligheidsregio IJsselland, Omgevingsdienst IJsselland, Regionaal Serviceteam Jeugd IJsselland, Griffiers kring IJsselland, Algemeen bestuur GGD, Dagelijks bestuur GGD, Gedeputeerde staten;Wet gemeenschappelijke regelingen (Wgr), Wet publieke gezondheid, Wet elektronische publicaties, Besluit begroting en verantwoording provincies en gemeenten, Functieboek HR21, Concept-Bestuursagenda, Kadernota, Financiële verordening;
1.2 GGD Modelwijzigingsbesluit colleges 6e wijziging GR GGD IJsselland - besluitvorming voorjaar 2024.pdf;Modelbesluit zesde wijziging Gemeenschappelijke regeling GGD IJsselland;Wijziging Gemeenschappelijke Regeling (GR);;GGD IJsselland, Gemeente Zwolle, Gedeputeerde staten;Wet gemeenschappelijke regelingen, Gemeenschappelijke regeling GGD IJsselland, Besluit begroting en verantwoording provincies en gemeenten, Voorstel van het dagelijks bestuur van GGD IJsselland;
1.3 GGD - Modelwijzigingsbesluit Colleges 6e wijziging GR GGD IJsselland - concept versie colleges en zienswijze raden okt 2023.pdf;Modelbesluit zesde wijziging Gemeenschappelijke regeling GGD IJsselland;Wijziging Gemeenschappelijke Regeling (GR);;GGD IJsselland, Gemeente Zwolle, Dagelijks bestuur GGD IJsselland, Algemeen bestuur GGD IJsselland, Gedeputeerde staten, Colleges van burgemeester en wethouders, Gemeenteraden;Wet gemeenschappelijke regelingen, Gemeenschappelijke regeling GGD IJsselland, Besluit begroting en verantwoording provincies en gemeenten;
1.3 GGD Toelichting Modelbesluit 6e wijziging GR GGD IJsselland tbv besluitvorming voorjaar 2024 def.pdf;Toelichting Modelbesluit zesde wijziging Gemeenschappelijke regeling GGD IJsselland;Wijziging Gemeenschappelijke Regeling;;GGD IJsselland, Veiligheidsregio IJsselland, Omgevingsdienst IJsselland, Regionaal Serviceteam Jeugd IJsselland, Griffierskring IJsselland, Gedeputeerde staten;Wet gemeenschappelijke regelingen (Wgr), Wet publieke gezondheid, Wet elektronische publicaties, Functieboek HR21;
1.4 GGD concept GR GGD IJsselland incl concept 6e wijziging versie tbv besluitvorming voorjaar 2024.pdf;Concept gewijzigde Gemeenschappelijke regeling GGD IJsselland;Gemeenschappelijke Regeling;;GGD IJsselland, Dalfsen, Deventer, Hardenberg, Kampen, Olst-Wijhe, Ommen, Raalte, Staphorst, Steenwijkerland, Zwartewaterland, Zwolle, Provincie Overijssel, Veiligheidsregio IJsselland;Concept 6e wijziging Gemeenschappelijke regeling GGD IJsselland, Wet gemeenschappelijke regelingen, Algemene wet bestuursrecht, Wet Publieke Gezondheid, Wet Kinderopvang, Wet op de lijkbezorging, Gemeentewet;
10. Bijlage 4. Inspraakverslag.pdf;Inspraakverslag Willemsoord Nieuwbouwlocatie;Woningbouw;2021-10-22;Dorpsbelang Willemsoord, Willemsoord, zaal 'De Steen', J. Mulder, gemeente, Annie Klijzinglaan, Prins van Oranjelaan, Wetland Wonen, werkgroep Speelveld;;
10.0 Schriftelijke vragen CU - Verlaging giftengrens 2026 - beantwoording 20260120.pdf;Beantwoording raadsvragen giften in de Participatiewet in Balans;Participatiewet;2026-01-20;College van burgemeester en wethouders, Erik de Groot, Melvin Smit, Trijn Jongman, Marcel Scheringa, Miriam Slomp-Dekkers, Dennis Eikenaar, Jelmer Trox, ChristenUnie, Jantina Drijfhout, Gemeente Steenwijkerland, Gemeente Leiden, VNG, Divosa, kerken;2026_B&W_00062, Participatiewet in Balans, Participatiewet, Leidraad algemene bijstand 2025, Leidraad algemene bijstand 2026, Reglement van Orde (artikel 37), 20251217 - Schriftelijke vragen CU - Verlaging giftengrens 2026.pdf;
11. nota van wijziging Willemsoord - Prins van Oranjelaan.pdf;Nota van wijziging bestemmingsplan Willemsoord - Prins van Oranjelaan;Bestemmingsplan;;Willemsoord, Prins van Oranjelaan, Bevoegd gezag;Bestemmingsplan Willemsoord - Prins van Oranjelaan;
11.0 Schriftelijke vragen BGL - Beschoeiing Dorpsgracht Belt-Schutsloot - beantwoording 20260127.pdf;Beantwoording raadsvragen kwaliteit vervangen beschoeiing Dorpsgracht Belt-Schutsloot;Openbare ruimte;2026-01-20;College van burgemeester en wethouders, Belt-Schutsloot, Dorpsgracht, Schutsloot, BGL, Erik de Groot, Melvin Smit, Trijn Jongman, Marcel Scheringa, Miriam Slomp-Dekkers, Dennis Eikenaar, Jelmer Trox, team Beheer Openbare Ruimte, camping Kleine Belterwijde, Gert Stam, NL-greenlabel;20260106 - Schriftelijke vragen BGL - beschoeiing Dorpsgracht Belt-Schutsloot.pdf, RAW bestek, UAV 2012 (Uniforme Administratieve Voorwaarden);
12.0 Schriftelijke vragen VE - Onbeperkt Samenleven - beantwoording 20260203.pdf;Beantwoording raadsvragen Lokale Inclusieagenda Onbeperkt Samenleven;Lokale Inclusieagenda Onbeperkt Samenleven;2026-02-03;College van burgemeester en wethouders, Gemeenteraad, Erik de Groot, Melvin Smit, Trijn Jongman, Marcel Scheringa, Miriam Slomp-Dekkers, Dennis Eikenaar, Jelmer Trox, Veur Elkaar, Corso Sint Jansklooster, Steenwijk, Aletta Makken;20260121 - Schriftelijke vragen VE - Onbeperkt Samenleven.pdf, Raadsvoorstel uitvoering VN-verdrag inzake rechten van mensen met een handicap (januari 2020);
13.0 Schriftelijke vragen BGL - Betaald parkeren bezoekerscentrum Natuurmonumenten - beantw. 20260204.pdf;Beantwoording schriftelijke vragen BGL inzake betaald parkeren bezoekerscentrum Natuurmonumenten;Openbare ruimte;2026-02-03;BGL, Natuurmonumenten, Sint Jansklooster, Stichting Nationaal Park Weerribben-Wieden, Gemeente Steenwijkerland, Bezoekerscentrum De Wieden, Erik de Groot, Melvin Smit, Trijn Jongman, Marcel Scheringa, Miriam Slomp-Dekkers, Dennis Eikenaar, Jelmer Trox, Guus Mooiweer;20260123 - Schriftelijke vragen BGL - Betaald parkeren bezoekerscentrum Natuurmonumenten..pdf, Artikel 37 van het reglement van orde;
16.0 - Schriftelijke vragen CU - Ontwikkelen woonwijk Vollenhove - beantwoording 20250123.pdf;Beantwoording raadsvragen CU over ontwikkelen nieuwe woonwijk Vollenhove;Woningbouw;2025-01-21;College van burgemeester en wethouders, Rob Bats, Melvin Smit, Trijn Jongman, Marcel Scheringa, Miriam Slomp-Dekkers, M.W. de Graaf, ChristenUnie, Henk Boxum, Vollenhove, Belangenvereniging Stad Vollenhove, Gemeente Steenwijkerland, Heutink Groep, Wetland Wonen, Steenwijk-Zuid-Oost;Schriftelijke vragen ChristenUnie d.d. 23-12-2024, Intentieovereenkomst (september 2024), Nota Grondbeleid 2025-2028, Bestemmingsplan Steenwijk-Zuid-Oost;
16.0 Informatienota 2024 - 60 - Kavelsplitsing, woningsplitsing en update beleidsontwikkeling wonen.pdf;Informatienota kavelsplitsing, woningsplitsing en update beleidsontwikkeling wonen;Woningbouw;2024-12-10;Rob Bats, Melvin Smit, Trijn Jongman, Bram Harmsma, Marcel Scheringa, M.W. de Graaf, Gemeente Steenwijkerland, Waterschap;Raadsvergadering 2 juli 2024, VAB-beleid, Nota parkeernormen 2015 gemeente Steenwijkerland, Woonagenda Steenwijkerland 2022-2026, Bijlage: Uitgangspunten kavelsplitsing voor het realiseren van (een) extra woning(en).pdf, Bijlage: Voorwaarden woningsplitsing.pdf;
17.0 Collegebesluit Icebear  8 juni 2023.pdf;Collegebesluit Vervolgtraject IceBear;Handhaving en Vergunningplicht IceBear;2023-06-08;J.H. Bats, M. Smit, T. Jongman, B. Harmsma, M. Scheringa, M.W. de Graaf, IceBear, Omgevingsdienst IJsselland, Omgevingsdienst Regio Arnhem (ODRA), SGS, TAUW, GGD, Nysingh, Provincie Overijssel, Oosterveen en de Groot, Fractie Veur Elkaar, Steenwijk, Tuk, Gemeente Steenwijkerland, Klachtencommissie Stop Overlast IceBear;Rapport van de ODRA van 16 mei 2023, Rapport van SGS van 24 februari 2023, Reactie van Tauw d.d. 2 juni 2023, Rapport van de GGD d.d. 1 juni 2023, Collegebesluit 8 november 2022, Activiteitenbesluit (Milieubeheer), Gezamenlijk advies van TAUW en Oosterveen en de Groot, Bijlage I Bor, Omgevingswet;
17.1 230602 Memo Vergunning- of meldingsplicht IceBear origineel (geanonimiseerd).pdf;Memo Vergunning- of meldingsplicht IceBear;Vergunningplicht IceBear;2023-06-02;Nysingh advocaten en notarissen, Gemeente Steenwijkerland, IceBear Steenwijk B.V., Oosterveen & De Groot, Tauw, VVE Poseidon, Afdeling bestuursrechtspraak van de Raad van State;Collegevoorstel besluit d.d. 8 november 2022, Gezamenlijk Advies Oosterveen & De Groot en Tauw d.d. 7 november 2022, Melding Activiteitenbesluit 6 februari 2018 met kenmerk 16-B30924-AIM, Toelichting op de aard en omvang van de activiteiten/processen behorende bij melding 6 februari 2018 Activiteitenbesluit, Handhavingsverzoek van VVE Poseidon d.d. 28 maart 2023, Handhavingsverzoek van N d.d. 30 december 2022, Handhavingsverzoek van de heer B d.d. 23 maart 2023, Voorgenomen besluit tot afwijzing van het handhavingsverzoek van _ d.d. 28 april 2023, Zienswijze naar aanleiding van het voorgenomen besluit d.d. 28 april 2023 van N d.d. 11 mei 2023, Voorgenomen besluit tot afwijzing van het handhavingsverzoek van S d.d. 28 april 2023, Advies 14 april 2023 (Nysingh), ABRvS 5 augustus 2015, ECLI:NL:RVS:2015:2523, ABRvS 10 januari 2018, ECLI:NL:RVS:2018:42, Besluit van 18 september 2015 (Stb. 2015, 337);
17.2 Advies GGD IceBear juni 2023 v1.0ONDERTEKEND (geanonimiseerd).pdf;Gezondheidskundig advies mei 2023 IceBear Steenwijk;Milieu- en gezondheidsklachten IceBear;2023-06-01;GGD IJsselland, Gemeente Steenwijkerland, College van B&W, IceBear / IceBear Steenwijk BV, Omgevingsdienst Regio Arnhem (ODRA), SGS Search, Cauberg Huyghen, RIVM, WHO, Omgevingsdienst IJsselland (OD IJsselland), Steenwijk, Tuk, Dolderweg 38, 40, 42, en 21, Lange Baan 4/4a, Zwolle, Deventer;Gezondheidskundig advies GGD over IceBear (oktober 2022, kenmerk A 88533/1l), Emissiemetingen bij IceBear te Steenwijk (ODRA, projectcode EM-23-02, 16 mei 2023), Indicatieve luchtmeting Steenwijk (SGS Search, referentie P23002619, 24 februari 2023), Akoestisch onderzoek Dolderweg e.a. (Cauberg Huyghen, notitie 05402-53750-17, 11 mei 2023), Handreiking Industrie en Gezondheid (RIVM, december 2022), GGD richtlijn medische milieukunde: Luchtkwaliteit en Gezondheid (RIVM Rapport 2018-0016), GGD richtlijn medische milieukunde: Geur en gezondheid (RIVM rapport 2015-016), GGD richtlijn medische milieukunde: omgevingsgeluid en gezondheid (RIVM Rapport 2019-0177), Activiteitenbesluit Milieubeheer, Overijsselse geurbeleid;
17.3 Bevindingen Tauw02062023 (geanonimiseerd).pdf;Beoordeling lucht- en geurmetingen Icebear;Lucht- en geurmetingen Icebear;2023-06-02;TAUW, Gemeente Steenwijkerland, Icebear, Omgevingsdienst Regio Arnhem, SGS, Provincie Overijssel, Kenniscentrum InfoMil, ODRA;Rapport: Emissiemetingen bij Icebear te Steenwijk (rapportdatum 16 mei 2023, opgesteld door Omgevingsdienst Regio Arnhem), Rapport: Indicatieve luchtmeting Steenwijk, Kenmerk: P23002619 (rapportdatum 24 februari 2023, opgesteld door SGS), NVN2818:2019 voor bepaling hedonische waarde geur;
17.4 P23002619 Rapport  buitenluchtonderzoek (geanonimiseerd).pdf;Indicatieve luchtmeting Steenwijk;Luchtkwaliteit;2023-02-24;Omgevingsdienst IJsselland, SGS Search, SGS Search Laboratorium B.V., SGS Belgium NV, Steenwijk, Firma Icebear, Dolderweg, Hedin automotive, Langebaan, SER (Sociaal- Economische Raad);;
17.5 16052023meetresultaten (geanonimiseerd).pdf;Emissiemetingen bij IceBear te Steenwijk;Emissiemetingen;2023-05-16;Omgevingsdienst Regio Arnhem, IceBear, Steenwijk, Omgevingsdienst IJsselland, Gemeente Steenwijkerland, Provincie Gelderland, Raad voor Accreditatie, Buro Blauw, AL-West;Emissieonderzoek EM-22-34, Beleidsregel Geur bedrijven (niet veehouderijen) (kenmerk: 2017/0304465);
1708-02 Totaalversie 21 februari 2023.pdf;Bestemmingsplan Bergstein Wethouder Slootstraat/De Erfgenamen;Woningbouw;2023-02-21;Gemeente Steenwijkerland, Bergstein, Wethouder Slootstraat, De Erfgenamen, Tuk, Wethouder Zeefatstraat, Steenwijk, Wolvega, Leeuwarden, Zwolle, Meppel, Tukseweg, Rijksweg A32, kanaal Steenwijk - Ossenzijl;Bestemmingsplan 'Tuk Bergstein' (2007), Beeldkwaliteitsplan Bergstein, Nationale Omgevingsvisie, Omgevingsvisie Overijssel 2017, Omgevingsverordening Overijssel 2017, Omgevingsvisie Steenwijkerland, Strategische Toekomstvisie Steenwijkerland 2030, Beleidsplan Verkeer Steenwijkerland 2017 - 2020, Woonvisie Steenwijkerland 2017 - 2021, Regionale woonagenda West -Overijssel 2021 - 2025, Welstandsnota, Nota Parkeernormen 2015;
18.0 College - Toelichting situatie Scala 17112022 (002).pdf;Toelichting Situatie Scala;Situatie Scala;2022-11-18;Scala, Hoogeveen, Meppel, Westerveld, de Wolden, Steenwijkerland, College van burgemeester en wethouders, Gemeenteraad;Vertrouwelijke brief van en over Scala (11 november 2022);
2 Goed werkgeverschap na dienstongevallen - brief VB.pdf;Oprichting stichting risicobeheer veiligheidsregio’s;Risicobeheer en verzekeringen Veiligheidsregio's;2021-10-14;Veiligheidsberaad, Algemeen bestuur veiligheidsregio, Arnhem, M. Luijten, P. Stevens, Raad van Commandanten en Directeuren Veiligheidsregio (RCDV), VNG, VNG Risicobeheer en Verzekeringsbedrijf Groot Amsterdam, Autoriteit Financiële Markten (AFM), De Nederlandse Bank (DNB), Dhr. H.M.F. Bruls;Principebesluit Veiligheidsberaad 4 oktober 2021, Wet gemeenschappelijke regelingen (artikel 31a, lid 1 en 2), Bijgevoegde modelbrief;
2. r_NL.IMRO.1708.WLOprinsvoranjelBP-ON01_20122021 (1).pdf;Regels Ontwerpbestemmingsplan Willemsoord - Prins van Oranjelaan;Bestemmingsplan;2021-12-20;Gemeente Steenwijkerland, Willemsoord, Prins van Oranjelaan;GML-bestand NL.IMRO.1708.WLOprinsvoranjelBP-ON01, Wet algemene bepalingen omgevingsrecht, Opiumwet, Regeling Standaarden Ruimtelijke Ordening 2012;
2. Strategische beleidsagenda 2023-2026.pdf;Strategische beleidsagenda 2023-2026 Veiligheidsregio IJsselland;Veiligheidsbeleid en crisisbeheersing;;Peter Snijders, Veiligheidsregio IJsselland, GGD, Hanzesteden, Meldkamer Oost Nederland, Apeldoorn, Overijssel, Gelderland, Ministerie van Justitie en Veiligheid, VNG, Veiligheidsberaad, IPO, Rijk, GHOR;Wet veiligheidsregio’s (Wvr), Evaluatie Wet veiligheidsregio's (04-12-2020), Contourennota Versterking Crisisbeheersing en Brandweerzorg, Huidig risicoprofiel, Bestuurlijke afspraken over de doorstroom migratie (26 augustus 2022), Gewijzigde wet gemeenschappelijke regelingen (1-7-2022), Omgevingswet, Wet Publieke gezondheid (Wpg), Nieuwe AMvB over acute zorg;
2.0 OD - 20231016 aanbiedingsbrief voorstel tweede wijziging Gemeenschappelijke Regeling OD IJsselland.pdf;Voorstel tweede wijziging Gemeenschappelijke Regeling Omgevingsdienst IJsselland;Wijziging Gemeenschappelijke Regeling (GR);2023-10-16;Omgevingsdienst IJsselland, Zwolle, 11 gemeenten in de regio IJsselland, Provincie Overijssel, Regionaal Serviceteam Jeugd, GGD, Veiligheidsregio, J.H. (Jurjen) Bos, Maarten Offinga, Jan Dirk Nijkamp;Omgevingswet, Archiefwet, Wet gemeenschappelijke regelingen (Wgr), 2e wijziging GR OD IJsselland, toelichting bij 2e wijziging GR OD IJsselland, geconsolideerde versie GR OD IJsselland, bijlage bij Gemeenschappelijke Regeling Omgevingsdienst IJsselland;
2.1 OD - 20231005 2e wijziging GR OD IJsselland.pdf;2e wijziging van de Gemeenschappelijke Regeling Omgevingsdienst IJsselland;Wijziging GR;2023-10-05;Dalfsen, Deventer, Hardenberg, Kampen, Olst-Wijhe, Ommen, Raalte, Staphorst, Steenwijkerland, Zwartewaterland, Zwolle, Provincie Overijssel, Omgevingsdienst IJsselland;Gemeenschappelijke Regeling Omgevingsdienst IJsselland (2023 geëvalueerd), Wet gemeenschappelijke regelingen, Omgevingsbesluit, Omgevingswet, Gemeentewet, Provinciewet, Algemene wet bestuursrecht;
2.1 OD 20240328 aanbiedingsbrief advies zienswijzen en vervolg tweede wijziging Gemeenschappelijke Regeling OD IJsselland.pdf;Aanbiedingsbrief advies zienswijzen en vervolg tweede wijziging GR Omgevingsdienst IJsselland;Wijziging Gemeenschappelijke Regeling;2024-03-28;Omgevingsdienst IJsselland, Zwolle, Gemeenteraad Kampen, Provinciale Staten, Maarten Offinga, Jan Dirk Nijkamp, Jurjen Bos;Voorstel voor de tweede wijziging van de Gemeenschappelijke Regeling Omgevingsdienst IJsselland (16 oktober 2023), Wet gemeenschappelijke regelingen, Zienswijze gemeenteraad Kampen, Zienswijzen Provinciale Staten;
2.2 OD - 20231005 toelichting bij 2e wijziging GR OD IJsselland.pdf;Toelichting bij 2e wijziging Gemeenschappelijke Regeling Omgevingsdienst IJsselland;Wijziging Gemeenschappelijke Regeling;2023-10-05;Omgevingsdienst IJsselland, Provincie Overijssel, Gemeente Dalfsen, Gemeente Deventer, Gemeente Hardenberg, Gemeente Kampen, Gemeente Olst-Wijhe, Gemeente Ommen, Gemeente Raalte, Gemeente Staphorst, Gemeente Steenwijkerland, Gemeente Zwartewaterland, Gemeente Zwolle, Zwolle;Omgevingswet, Omgevingsbesluit, Wet algemene bepalingen omgevingsrecht (Wabo), Wet gemeenschappelijke regelingen (Wgr), Gemeentewet, Provinciewet, Wnra (Wet normalisering rechtspositie ambtenaren), Besluit tot wijziging van het Besluit omgevingsrecht, Bijdrageverordening;
2.2 OD 20231005 toelichting bij 2e wijziging GR OD IJsselland.pdf;Toelichting bij 2e wijziging GR OD IJsselland;Wijziging Gemeenschappelijke Regeling;2023-10-05;Omgevingsdienst IJsselland, Provincie Overijssel, Gemeente Dalfsen, Gemeente Deventer, Gemeente Hardenberg, Gemeente Kampen, Gemeente Olst-Wijhe, Gemeente Ommen, Gemeente Raalte, Gemeente Staphorst, Gemeente Steenwijkerland, Gemeente Zwartewaterland, Gemeente Zwolle, Algemeen Bestuur OD IJsselland, Dagelijks Bestuur OD IJsselland;Wet gemeenschappelijke regelingen (Wgr), Omgevingswet, Omgevingsbesluit, Wet algemene bepalingen omgevingsrecht (Wabo), Gemeentewet, Provinciewet, Besluit omgevingsrecht;
2.3 OD - 20231005 geconsolideerde versie GR OD IJsselland.pdf;Gemeenschappelijke Regeling Omgevingsdienst IJsselland;Gemeenschappelijke Regeling;2023-10-05;Omgevingsdienst IJsselland, Provincie Overijssel, Gemeente Dalfsen, Gemeente Deventer, Gemeente Hardenberg, Gemeente Kampen, Gemeente Olst-Wijhe, Gemeente Ommen, Gemeente Raalte, Gemeente Staphorst, Gemeente Steenwijkerland, Gemeente Zwartewaterland, Gemeente Zwolle, Provinciale Staten, college van gedeputeerde staten, colleges van burgemeester en wethouders;Wet gemeenschappelijke regelingen, Omgevingswet, Omgevingsbesluit, Gemeentewet, Provinciewet;
2.3 OD 20231005 2e wijziging GR OD IJsselland.pdf;2e wijziging van de Gemeenschappelijke Regeling Omgevingsdienst IJsselland;Wijziging GR Omgevingsdienst IJsselland;2023-10-05;Dalfsen, Deventer, Hardenberg, Kampen, Olst-Wijhe, Ommen, Raalte, Staphorst, Steenwijkerland, Zwartewaterland, Zwolle, Provincie Overijssel, Omgevingsdienst IJsselland;Wet gemeenschappelijke regelingen, Gemeenschappelijke Regeling Omgevingsdienst IJsselland, Omgevingsbesluit, Omgevingswet, Gemeentewet, Provinciewet, Algemene wet bestuursrecht;
2.4 OD - Bijlage bij Gemeenschappelijke Regeling Omgevingsdienst IJsselland.pdf;Bijlage bij Gemeenschappelijke Regeling Omgevingsdienst IJsselland;Omgevingsdienst IJsselland;;Omgevingsdienst IJsselland, Gemeente Dalfsen, Gemeente Deventer, Gemeente Hardenberg, Gemeente Kampen, Gemeente Olst-Wijhe, Gemeente Ommen, Gemeente Raalte, Gemeente Staphorst, Gemeente Steenwijkerland, Gemeente Zwartewaterland, Gemeente Zwolle, Provincie Overijssel;Gemeenschappelijke Regeling Omgevingsdienst IJsselland, Omgevingsbesluit, Besluit activiteiten leefomgeving, Provinciale milieuverordening;
2.4 OD 20231005 geconsolideerde versie GR OD IJsselland.pdf;Gemeenschappelijke Regeling Omgevingsdienst IJsselland;Gemeenschappelijke Regeling;2023-10-05;Omgevingsdienst IJsselland, Provincie Overijssel, Dalfsen, Deventer, Hardenberg, Kampen, Olst-Wijhe, Ommen, Raalte, Staphorst, Steenwijkerland, Zwartewaterland, Zwolle;Wet gemeenschappelijke regelingen, Omgevingswet, Omgevingsbesluit, Gemeentewet, Provinciewet;
2.5 OD Bijlage bij Gemeenschappelijke Regeling Omgevingsdienst IJsselland.pdf;Bijlage bij Gemeenschappelijke Regeling Omgevingsdienst IJsselland inzake Basistaken;Gemeenschappelijke Regeling Omgevingsdienst IJsselland;;Omgevingsdienst IJsselland, Gemeente Dalfsen, Gemeente Deventer, Gemeente Hardenberg, Gemeente Kampen, Gemeente Olst-Wijhe, Gemeente Ommen, Gemeente Raalte, Gemeente Staphorst, Gemeente Steenwijkerland, Gemeente Zwartewaterland, Gemeente Zwolle, Provincie Overijssel;Gemeenschappelijke Regeling Omgevingsdienst IJsselland, Omgevingsbesluit, Besluit activiteiten leefomgeving, provinciale milieuverordening;
2.Jaarverslag 2021 inclusief jaarrekening dd 21-3-2022.pdf;Jaarverslag 2021 inclusief jaarrekening RSJ IJsselland;Jeugdhulp;2022-03-30;RSJ IJsselland, Regio IJsselland, Gemeente Dalfsen, Gemeente Deventer, Gemeente Hardenberg, Gemeente Kampen, Gemeente Olst-Wijhe, Gemeente Ommen, Gemeente Raalte, Gemeente Staphorst, Gemeente Steenwijkerland, Gemeente Zwartewaterland, Gemeente Zwolle, Michiel van Willigen, Diana Hofsteenge - Jans, Jan Uitslag, Frits Rorink, Alwin te Rietstap, Geert Meijering, Marcel Blind, Ko Scheele, Gerria Toeter, Alwin Mussche, Trijn Jongman, Maarten Slingerland, BVO Jeugdzorg IJsselland, Raad voor de Kinderbescherming, Regionaal Cliëntenplatform Jeugd IJsselland, GGD, Expertisenetwerk Overijssel, Regionaal Extersie Team (RET);Beheersingsplan inkoopmodel 2022 - 2025, Jeugdwet, Gemeenschappelijke Regeling (GR), Begroting 2020, Begroting 2022, Begroting 2023;
2021-11-23 Steenwijk Zuidoost Masterplan.pdf;Stedenbouwkundig Masterplan Steenwijk Zuidoost;Woningbouw;2021-11-23;Gemeente Steenwijkerland, Ministerie van Defensie, Steenwijk Zuidoost, Steenwijk, De Gagels, Kornputkwartier, Meppelerweg, Dennenallee, Steenwijkerkamp, Steenwijker Aa, Sportlust, Betap, Crilux, Logistiek Centrum Steenwijk, Kallenkote;Steenwijk Zuidoost - Aanzet voor een Masterplan (18 juni 2021), omgevingswijzer;
20211216 Notitie kunstgrasvelden anno 2021 en verder.pdf;Notitie kunstgrasvelden anno 2021 en verder;Kunstgrasvelden;2021-12-16;Gemeente Steenwijkerland, Ella Schipper, Berry Waninge, Sander Akkerman, KNVB, FIFA, GBN Artificial Grass Recycling (GBN-AGR), Amsterdam, Re-Match, RIVM, ECHA (Europees Agentschap voor chemische stoffen), RAC (Risk Assessment Committee), SEAC (Socio-Economic Analysis Committee), Europese Commissie (EC), WUR, BSNC, Plantum, ministerie van Infrastructuur & Milieu, ministerie van Economische Zaken, NOC*NSF, VSG, d’Olde Veste in Steenwijk, VHK in Sint Jansklooster, PLANN ingenieurs, Meppel, Portugal;Wet Bodembescherming, Green Deal Sport, REACH (Europese consumenten gebruiksnorm);
2022 10 27 BP Dwarssloot oost 6 Zuidveen.pdf;Ontwerp Bestemmingsplan Dwarssloot oost 6, Zuidveen;Bestemmingsplan / Woningbouw;2022-10-27;Dwarssloot oost 6, Zuidveen, Steenwijk, Onnigemeer, gemeente Steenwijkerland, gemeente Steenwijk, provincie Overijssel, Twente, West-Overijssel;brief van 28 juli 2021, Beheersverordening Buitengebied Steenwijkerland 2014, correctieve herziening beheersverordening Buitengebied (25 mei 2021), Rijkstructuurvisie Infrastructuur en Ruimte (SVIR) (13 maart 2012), Besluit algemene regels ruimtelijke ordening (Barro), Provinciale Omgevingsvisie 2021, Provinciale Omgevingsverordening 2017, Regionale woonagenda West-Overijssel, Woonvisie Steenwijkerland 2017-2021, Visie op wonen en leefbaarheid – duurzaam vitaal (2012);
2022-03-09 Ontwikkelperspectief Bedrijventerreinen  STEC.pdf;Verkenning ruimtebehoefte bedrijventerreinen;Bedrijventerreinen;2022-03-09;Gemeente Steenwijkerland, Stec Groep, Juriën Poulussen, Anneloes Bouma, Business Club Steenwijkerland (BCS), Panattoni, Kornelis Caps & Closures, Agrifac Machinery BV, CPB, PBL, Economisch Instituut voor de Bouw (EIB), Blokzijl, Giethoorn, Heetveld, Kuinre, Scheerwolde, Ossenzijl, Oldemarkt, Steenwijk, Vollenhove, Meppel, Zwolle, Noordoostpolder, Weststellingwerf, Zwartewaterland, Heerenveen, Westerveld, Apeldoorn, Kampen, Groningen, Almere, Broekhuizen, De Friese Meren, De Wolden, Bedrijventerrein Eeserwold;Provinciale behoefteraming bedrijventerreinen (2019), Regionale programmeringsafspraken, Werkgelegenheidsprognoses Welvaart en Leefomgeving (WLO);
2022-12-13 Laddertoets uitbreiding bedrijventerrein Vollenhove.pdf;Laddertoets uitbreiding bedrijventerrein Vollenhove (Schaarkampen-Zuid);Bedrijventerreinen;2022-12-13;Stec Groep, Juriën Poulussen, Marijn Gradussen, gemeente Steenwijkerland, Vollenhove, Schaarkampen-Zuid, De Kampen, Meppel, Steenwijk, provincie Overijssel, West-Overijssel, bedrijvenpark Eeserwold, Blokzijl, Belt-Schutsloot, Zwartewaterland, De Fryske Marren, Sint Jansklooster, Heetveld, CBS, PBL;Besluit ruimtelijke ordening (Bro), Beheersverordening Buitengebied Steenwijkerland 2014, ABRvS 29 april 2015, ECLI:NL:RVS:2015:1340, Regionale programmeringsafspraken werklocaties (2019), Verhuizingen van bedrijven en groei van werkgelegenheid, Ruimtelijk Planbureau, 2007;
2022.Verordening leerlingenvervoer gemeente Steenwijkerland.concept.pdf;Verordening leerlingenvervoer gemeente Steenwijkerland 2022;Leerlingenvervoer;2022-05-31;Gemeente Steenwijkerland, Gemeenteraad Steenwijkerland, College van burgemeester en wethouders, Samenwerkingsverband VO, VNG, OOGO;Voorstel van burgemeester en wethouders van 31 mei 2022, Wet op het primair onderwijs, Wet op de expertisecentra, Wet op het voortgezet onderwijs, Algemene wet inzake rijksbelastingen, VNG brief Bedragen leerlingenvervoer VNG, Ondersteuningsplan samenwerkingsverband;
20220412 aanbiedingsbrief ontwerpbegroting 2023 en jaarstukken 2021.pdf;Aanbiedingsbrief ontwerpbegroting 2023 en jaarstukken 2021 OD IJsselland;Zienswijze GR;2022-04-12;Omgevingsdienst IJsselland, Provincie Overijssel, Veiligheidsregio, GGD, Regionaal Serviceteam Jeugd, Ministerie van Binnenlandse Zaken en Koninkrijksrelaties, Maarten Offinga, Jurjen Bos, Zwolle;Brieven inzake programma 'Samen Toekomstbestendig' d.d. 14 april, 2 juli en 15 oktober 2021;
2023 01 24 Noordermaten fase - Toelichting Grex def.pdf;Toelichting grondexploitatie Noordermaten fase 4 Blokzijl;Grondexploitatie / Woningbouw;2023-01-24;Gemeente Steenwijkerland, Blokzijl, Noordermaten fase 3, Noordermaten fase 4, Roelofsgroep, Verbindingskanaal, Burgemeester Coldeweyweg, Burgemeester Van Ommerenweg, Vollenhoofsedijk, Europese Centrale Bank;Bestemmingsplan Noordermaten 3e en 4e fase (13 juli 2006), Verkaveling Noordermaten fase 4 (inclusief grondbalans), Roelofsgroep (25-11-2022), Uitwerkingsplan Noordermaten 4 (12 december 2022), Programmabegroting 2023;
20230412 DB beslisnota ontwerpbegroting 2024-1 (1).pdf;Beslisnota ontwerpbegroting 2024;Begroting;2023-04-11;Dagelijks Bestuur, Jan Badenhop, J.M. Vroomen, P.J. van Zanten, M.W. Offinga, Algemeen Bestuur, Provinciale Staten, gemeenteraden, Omgevingsdienst IJsselland;Ontwerpbegrotingswijziging 2023, Kadernota 2024, Wet gemeenschappelijke regelingen, Gemeenschappelijke Regeling Omgevingsdienst IJsselland, Financiële Verordening Omgevingsdienst IJsselland;
20230412 DB beslisnota ontwerpbegrotingswijziging 2023-1 (1).pdf;Ontwerpbegrotingswijziging 2023;Begrotingswijziging;2023-04-11;Jan Badenhop, Trâm Havinga, M.W. Offinga, P.J. van Zanten, Dagelijks Bestuur (DB), Algemeen Bestuur (AB), Omgevingsdienst IJsselland, IJVI (IJssellandse VTH-voorziening), Gemeente Dalfsen, Gemeente Ommen, Gemeente Steenwijkerland, Gemeente Zwolle, Provinciale Staten, Ministerie van I&W, Rijksdienst voor Ondernemend Nederland, Talentenregio;Begroting 2023, Programma Samen Toekomstbestendig (STB), Kadernota 2024, DB vergadering van 19 januari 2023;
20230412 Ontwerpbegroting 2024 OD IJsselland-2 (1).pdf;Ontwerpbegroting 2024 Omgevingsdienst IJsselland;Begroting;2023-04-12;Omgevingsdienst IJsselland, IJVI, M. Offinga, P.J. van Zanten, Provincie Overijssel, Rijksoverheid, RVO, ministerie van IenW, GGD, Openbaar Ministerie, Politie, Dalfsen, Deventer, Hardenberg, Kampen, Olst-Wijhe, Ommen, Raalte, Staphorst, Steenwijkerland, Zwartewaterland, Zwolle, Veiligheidsregio;Programma Samen Toekomstbestendig, Besluit Omgevingsrecht, Omgevingswet, Wet kwaliteitsborging voor het bouwen (Wkb), Wet elektronische publicaties (Wep), Besluit CO2-reductie werkgebonden personenmobiliteit, Klimaatakkoord, Activiteitenbesluit, Wet bodembescherming (Wbb), Besluit Uniforme Saneringen (BUS), Kadernota 2024, Begrotingswijziging 2023;
20230412 Ontwerpbegrotingswijziging 2023 OD IJsselland-1.pdf;Ontwerpbegrotingswijziging 2023 OD IJsselland;Financiën en Begroting;2023-04-12;Omgevingsdienst IJsselland, Gemeente Dalfsen, Gemeente Ommen, Gemeente Steenwijkerland, Gemeente Zwolle, Provincie, Ministerie van I&W, Rijksdienst voor Ondernemend Nederland, Algemeen Bestuur, Dagelijks Bestuur, Ondernemingsraad, Talentenregio, IJVI;Begroting 2023, Programma Samen Toekomstbestendig (STB), Kadernota 2024, DB-besluit (DB vergadering van 19 januari 2023), SPUK IBP, SPUK Energie;
20230412 Voorlopig jaarverslag 2022 OD IJsselland.pdf;Concept Jaarverslag 2022 Omgevingsdienst IJsselland;Jaarverslag;2023-04-12;Omgevingsdienst IJsselland, veiligheidsregio, GGD, RSJ, Maarten Offinga, Pieter-Jan van Zanten, Gemeente Dalfsen, Gemeente Deventer, Gemeente Hardenberg, Gemeente Kampen, Gemeente Olst-Wijhe, Gemeente Ommen, Provincie Overijssel, Gemeente Raalte, Gemeente Staphorst, Gemeente Steenwijkerland, Gemeente Zwartewaterland, Gemeente Zwolle, Omgevingsdienst Twente, Omgevingsdienst NL, Tijs de Bree, Martijn Oosterbaan, RIVM, Openbaar Ministerie, politie Oost-Nederland, waterschap Drents Overijsselse Delta, waterschap Vechtstromen, team ketentoezicht Gelderse omgevingsdiensten, KetenInterventieTeam, Landelijke Milieukamer, Nederlandse Voedsel- en Warenautoriteit;Interbestuurlijk Programma VTH (IBP-VTH), Omgevingswet, Wet gemeenschappelijke regelingen, Nationaal Samenwerkingsprogramma Luchtkwaliteit (NSL), Plan van aanpak Overijsselse harmonisatie ZZS;
20230413 Aanbiedingsbrief jaarstukken OD IJsselland.pdf;Aanbieden stukken jaarcyclus Omgevingsdienst IJsselland;Zienswijze GR;2023-04-13;Omgevingsdienst IJsselland, Maarten Offinga, Jurjen Bos, Ministerie van Binnenlandse Zaken en Koninkrijksrelaties, Zwolle;Ontwerpbegroting 2024, Ontwerpbegrotingswijziging 2023, Voorlopige jaarrekening 2022, Voorlopig jaarverslag 2022, Kadernota 2024, VTH-jaarplan 2024, Begroting 2023;
20230516 aanbiedingsbrief gemeenten jaarverslag en jaarrekening 2022.pdf;Aanbiedingsbrief jaarverslag en jaarrekening 2022 RSJ IJsselland;Jaarstukken GR RSJ IJsselland;2023-05-16;Gemeenschappelijke Regeling (GR) Bedrijfsvoeringsorganisatie (BVO) Regionaal Service Team IJsselland (RSJ IJsselland), Bestuurlijk Overleg van RSJ IJsselland, Gedeputeerde staten, Michiel van Willigen, Ellen Wichard, Zwolle;Jaarverslag en jaarrekening 2022, Wet gemeenschappelijke regelingen (Wgr), Kadernota;
20230516 aanbiedingsbrief gemeenteraden jaarplan met begroting 2024.pdf;Aanbiedingsbrief jaarplan met begroting 2024 RSJ IJsselland;Begroting GR RSJ IJsselland;2023-05-16;RSJ IJsselland (Regionaal Serviceteam Jeugd IJsselland), Bestuurlijk Overleg van RSJ IJsselland, Provincie, Michiel van Willigen, Ellen Wichard, Zwolle;Jaarplan met begroting 2024 RSJ IJsselland, Jeugdwet, Wet Gemeenschappelijke Regelingen (Wgr);
20230614 Advies ASD op het concept gezondheidsbeleid.pdf;Advies concept gezondheidsbeleid;Gezondheidsbeleid;2023-06-14;College van Burgemeester en Wethouders, Gemeente Steenwijkerland, T. Jongman, J. Dam, Steenwijk, Adviesraad Sociaal Domein (ASD), Mariska Zwartsenburg, Colin de Heijink, Kimberly de Jonge;Concept gezondheidsbeleid, Gezondheidsmonitor, Bewegingsrichtlijn 2017, Uitnodiging van 10 mei;
20230628_was-wordt-mv_toeristenbelasting.pdf;Was-wordt-tabel wijziging Modelverordening Toeristenbelasting;Toeristenbelasting;2023-06-28;Vereniging van Nederlandse Gemeenten;Modelverordening Toeristenbelasting, Wet algemene bepalingen omgevingsrecht, Omgevingswet, Wet kwaliteitsborging voor het bouwen;
20232145 Akoestisch onderzoek bestemmingsplan Ds. T.O. Hylkemaweg 42 Giethoorn.pdf;Akoestisch onderzoek bestemmingsplan Ds. T.O. Hylkemaweg 42 te Giethoorn;Bestemmingsplan;2023-12-21;Omgevingsrecht Zuidema B.V., M. Sollie-van 't Hag, Ingenieursbureau Spreen, W. Spreen, Ds. T.O. Hylkemaweg 42, Hylkemaweg 43, Giethoorn, Restaurant 't Achterhuus, Omgevingsdienst IJsselland;VNG publicatie Bedrijven en milieuzonering, Activiteitenbesluit, Handleiding meten en rekenen industrielawaai 1999, Circulaire industrielawaai uit 1979;
2024-01-26 Saneringsplan PFAS-verontreiniging Woningbouwlocatie Steenwijk-Zuidoost (2).pdf;Saneringsplan PFAS-verontreiniging Woningbouwlocatie Steenwijk-Zuidoost;Woningbouw en Bodemsanering (PFAS);2024-01-26;Gemeente Steenwijkerland, Steenwijk-Zuidoost, Meppelerweg 101-103, Royal HaskoningDHV (HaskoningDHV Nederland B.V.), Rotij Grondontwikkeling Oost B.V., Woonconcept, Grondslag, Verto, Gebroeders van Heugten, Heuga, Betap, Crilux, Sigma Bouw & Milieu, Oranjewoud, EcoReest, MOS Grondmechanica, Boluwa Eco Systems BV, Witteveen+Bos, RIVM, Kornputkwartier;Zorgplichtanalyse PFAS verontreiniging Meppelerweg 101-103 Steenwijk (Grondslag, maart 2023), Verkennend milieukundig bodemonderzoek en verkennend onderzoek asbest in grond Crilux locatie aan de Meppelerweg te Steenwijk (Sigma Bouw & Milieu, 28-02-2022), Aanvullend bodemonderzoek van de bovengrond op PFAS-stoffen Criluxlocatie aan de Meppelerweg te Steenwijk (SIGMA, 08-09-2022), Nulonderzoek Meppelerweg 103 te Steenwijk (Royal Haskoning, maart 1995), Verkennend en aanvullend bodemonderzoek terrein Meppelerweg 101 te Steenwijk (Oranjewoud, 1999), AP04 grondwal (Grondslag BV, 6 december 2001), Verkennend en actualiserend bodemonderzoek Meppelerweg 101 te Steenwijk (Oranjewoud, 7 december 2004), Verkennend en aanvullend bodemonderzoek Meppelerweg te Steenwijk (Royal Haskoning, 2004/2005), Verkennend bodemonderzoek Meppelerweg 103 te Steenwijk (EcoReest, 22-11-2005), Verkennend onderzoek slib vijver (Royal Haskoning, 26-06-2006), Nader onderzoek asbest (Royal Haskoning, 17-07-2007), Verkennend onderzoek smeerkuil en silo (Royal Haskoning, 27-08-2007), Milieukundig bodemonderzoek a/d Meppelerweg 101, 103 en 103a te Steenwijk (MOS Grondmechanica, 31-01-2008), Evaluatierapport sanering Meppelerweg 103 te Steenwijk (Boluwa Eco Systems BV, 08-02-2008), Praktijkgericht saneringsonderzoek Kornputkwartier (Witteveen+Bos, 9 november 2023), Concept-rapport aanvullend nader bodemonderzoek naar PFAS, Meppelerweg 101-103 te Steenwijk (Grondslag, 7 december 2023);
2024-08 Verordening tot wijziging van de Verordening Starterslening gemeente Steenwijkerland 2022.pdf;Wijziging van Verordening starterslening gemeente Steenwijkerland 2022;Starterslening;2024-08-27;Gemeente Steenwijkerland, SVn, NHG, A. ten Hoff, J.H. Bats;Voorstel van burgemeester en wethouders van 27 augustus 2024, Verordening starterslening gemeente Steenwijkerland 2022, Verordening starterslening Steenwijkerland 2018;
20240620 Verordening selectieve toelating Steenwijkerland.pdf;Verordening selectieve toelating Steenwijkerland;Verkeersregulering en ontheffingen;2024-06-20;Gemeente Steenwijkerland, College van burgemeester en wethouders, Politie;Verordening selectieve toelating binnenstad Steenwijk d.d. 2 juni 2009, Legesverordening van de gemeente Steenwijkerland, Wegenverkeerswet 1994 (WVW), Reglement verkeersregels en verkeerstekens 1990 (RVV), Algemene wet bestuursrecht, Wet administratiefrechtelijke handhaving verkeersvoorschriften;
20240624 Memo samenvatting participatie.pdf;Memo Samenvatting Participatie Camerahandhaving Binnenstad;Camerahandhaving;2024-06-25;College van Burgemeester en Wethouders, Inge Meindertsma, Gert Ekkelenkamp, Thomas Otterman, Steenwijk, Gemeente Steenwijkerland, Politie, Justitie, Boa's;Concept ontheffingenbeleid, DPIA;
20250404 Beleidsplan BO Wegen & Paden (publ versie).pdf;Beleidsplan Beheer en Onderhoud Wegen & Paden Steenwijkerland;Wegen en Infrastructuur;2025-04-04;Steenwijkerland, CROW, provincie Overijssel, Steenwijk-stad, Rijk, A32;Klimaat- en Duurzaamheidsambities (2024), Actieplan Veilige Bermen, Kernnet Fiets;
20250414 aanbiedingsbrief raden en Staten owb 2026 en jaarstukken 2024 ODIJS.pdf;Aanbiedingsbrief ontwerpbegroting 2026 en jaarstukken 2024 Omgevingsdienst IJsselland;Zienswijze GR (Omgevingsdienst IJsselland);2025-04-14;Omgevingsdienst IJsselland (ODIJS), 11 gemeenten in IJsselland, Provincie Overijssel, Rijk, IPO, VNG, Ministerie van Binnenlandse Zaken en Koninkrijksrelaties, M.W. (Maarten) Offinga, J.H. (Jurjen) Bos, Jan Dirk Nijkamp, Zwolle;Procesbrief toekomst Omgevingsdienst IJsselland (18 december 2023), Kaderbrief 2025 Omgevingsdienst IJsselland (19 februari 2024), Informatiebrief ‘Route naar robuuste OD IJsselland’ (14 maart 2024), Kaderbrief 2026 Omgevingsdienst IJsselland (10 februari 2025), AB-besluit ontwikkelroute naar een robuuste Omgevingsdienst IJsselland (19 december 2024), Wet gemeenschappelijke regelingen, Besluit Begroting en Verantwoording provincies en gemeenten, WNT;
20250414 Ontwerpbegroting 2026 Omgevingsdienst IJsselland.pdf;Ontwerpbegroting 2026 Omgevingsdienst IJsselland;Ontwerpbegroting;2025-04-14;Omgevingsdienst IJsselland, 11 gemeenten in IJsselland, Provincie Overijssel, Rijk, IPO, VNG, Algemeen bestuur Omgevingsdienst IJsselland, Maarten Offinga, Jan Dirk Nijkamp, Openbaar Ministerie (OM), Regionale Omgevingstafel IJsselland;Kaderbrief 2026, Besluit algemeen bestuur 19 december 2024, Besluit algemeen bestuur 10 oktober 2024, Landelijke Handhavingsstrategie Omgevingsrecht (LHSO), Specifieke Uitkering Toezicht en Handhaving Energiebesparingsplicht (SPUK-THE), Kaderrichtlijn Water, Richtlijn Industriële Emissies, Wet kwaliteitsborging bouw, Algemene wet bestuursrecht, UVP 2026;
20250423-stikstof berekening-3.0.pdf;Stikstofdepositie onderzoek plan Betap/Crilux Steenwijk;Stikstof;2025-04-23;Roosdom Tijhuis Gebiedsonwikkeling B.V., Kragten, Steenwijk, Meppelerweg, De Wieden, Holtingerveld, Weerribben, Drents-Friese Wold & Leggelderveld, Dwingelderveld;Handreiking Voortoets Stikstof, Porthos einduitspraak, Rendac uitspraak, Stadt Papenburg-arrest, AquaPri-arrest, Decreet over de programmatische aanpak van stikstof;
20250909 advies inzake notitie visie wonen welzijn en zorg 2025 2030.pdf;Advies inzake notitie visie op wonen, welzijn en zorg 2025 - 2030;Wonen, welzijn en zorg;2025-09-10;Adviesraad Sociaal Domein Steenwijkerland, College van Burgemeester en Wethouders, Gemeente Steenwijkerland, T. Jongman, M. Smit, Joke Wierbos, Iris Nauta, Janneke Dam, Bert Beltman, Companen;Notitie Companen, visie op wonen, welzijn en zorg 2025 - 2030, Samen voor Ryan;
2026_RAAD_00006 Regionale Visie Jeugdhulp Ijsselland 2026-2031 - RAADSBESLUIT GETEKEND.pdf;Vaststelling Regionale Visie Jeugdhulp IJsselland 2026-2031;Jeugdhulp;2026-02-10;Gemeente Steenwijkerland, Steenwijk, IJsselland, Burgemeester en wethouders;Voorstel van burgemeester en wethouders van 25-11-2025, nummer 2026-RAAD-00006, Regionale Visie Jeugdhulp IJsselland 2026-2031;
2026_RAAD_00006 Regionale Visie Jeugdhulp IJsselland 2026-2031 - RAADSVOORSTEL.pdf;Regionale Visie Jeugdhulp IJsselland 2026-2031;Jeugdhulp;2026-02-10;Trijn Jongman, Dalfsen, Deventer, Hardenberg, Kampen, Olst-Wijhe, Ommen, Raalte, Staphorst, Steenwijkerland, Zwartewaterland, Zwolle, GGD IJsselland, Expertisenetwerk Jeugd Overijssel, Regionale Kenniswerkplaats Jeugd (RKJ) IJsselland, Regionaal Serviceteam Jeugd (RSJ) IJsselland, Adviesraad Sociaal Domein, Regionaal Expert Team;Regiovisie Jeugdhulp IJsselland 2021-2025, Jeugdwet, Hervormingsagenda Jeugd, Toekomstscenario Kind- en Gezinsbescherming, Transformatieconvenant, Richtinggevend Kader stevige lokale teams, Gezond en Actief Leven Akkoord, Aanvullend Zorg- en Welzijnsakkoord, Wet verbetering beschikbaarheid jeugdzorg;
2026_RAAD_00007 Regiovisie IJsselland Huiselijk Geweld en Kindermishandeling 2026-2030 - RAADSBESLUIT GETEKEND.pdf;Raadsbesluit Regiovisie Huiselijk Geweld en Kindermishandeling 2026-2030;Huiselijk Geweld en Kindermishandeling;2026-02-10;Gemeente Steenwijkerland, Steenwijk;Voorstel van burgemeester en wethouders 2026-RAAD-00007, Regiovisie Huiselijk Geweld en Kindermishandeling 2026-2030 ('Samen tegen huiselijk geweld - Lokaal Sterk');
2026_RAAD_00007 Regiovisie IJsselland Huiselijk Geweld en Kindermishandeling 2026-2030 - RAADSVOORSTEL.pdf;Regiovisie IJsselland Huiselijk Geweld en Kindermishandeling 2026-2030;Huiselijk Geweld en Kindermishandeling;2026-02-10;Team Samenleving, Trijn Jongman, Regio IJsselland, Veilig Thuis, Jeugdbescherming, Jeugdbescherming Overijssel, Politie, Kadera, GGD, Centrum Seksueel Geweld, Centrum Gemeente Zwolle, Adviesraad Sociaal Domein, Bestuurlijk Overleg Huiselijk Geweld & Kindermishandeling;Regiovisie Huiselijk Geweld en Kindermishandeling (HG & KM) 2026–2030 'Samen tegen huiselijk geweld - Lokaal Sterk', Visie ‘Geweld hoort nergens thuis’ (2021–2024), Toekomstscenario Kind- en Gezinsbescherming (TKS), Hervormingsagenda Jeugd, Leidraad Werken aan Veiligheid, Aanpak Voorkomen Escalaties (AVE), Visie Gefaseerd Samenwerken, Regionale agenda Zorg & Veiligheid;
2026_RAAD_00008 Concretiseren programmeringsafspraken met locaties voor windenergie - RAADSBESLUIT GETEKEND.pdf;Concretiseren programmeringsafspraken met locaties voor windenergie;Windenergie;2026-02-10;Gemeente Steenwijkerland, Provincie Overijssel, Groot Verlaat, Johannes Post Kazerne;Voorstel van burgemeester en wethouders van 06-01-2026, nummer 2026-RAAD-00008;
2026_RAAD_00008 Concretiseren programmeringsafspraken met locaties voor windenergie - RAADSVOORSTEL.pdf;Concretiseren programmeringsafspraken met locaties voor windenergie;Windenergie;2026-02-10;Programma Duurzaam, Marcel Scheringa, Gemeente Steenwijkerland, Provincie Overijssel, Groot Verlaat, Johannes Post Kazerne, Oldemarkt, Gemeente Meppel, Steenergie, Noord IV;Raadsbesluit 26 maart 2024, Beleidskader Provincie Overijssel, Programmeringsafspraken met de provincie Overijssel;
2026_RAAD_00009 Verordening Commissie Beeldende Kunst Steenwijkerland - RAADSBESLUIT GETEKEND.pdf;Vaststelling Verordening Commissie Beeldende Kunst Steenwijkerland;Beeldende Kunst;2026-02-10;Gemeente Steenwijkerland, Burgemeester en wethouders, Commissie Beeldende Kunst Steenwijkerland, A. ten V;Voorstel van burgemeester en wethouders van 09-12-2025, nummer 2026-RAAD-00009;
2026_RAAD_00009 Verordening Commissie Beeldende Kunst Steenwijkerland - RAADSVOORSTEL.pdf;Verordening Commissie Beeldende Kunst Steenwijkerland;Beeldende Kunst;2026-02-10;Gemeenteraad, Team Economie en Recreatie, Juriste team Samenleving, Trijn Jongman, Commissie Beeldende Kunst Steenwijkerland, College van burgemeester en wethouders, Steenwijkerland, Vollenhove, Sint Jansklooster, Dwarsgracht, Giethoorn;Verordening Commissie Beeldende Kunst van 2002;
2026_RAAD_00010 Beleidsplan Schuldhulpverlening 2026-2029 - RAADSBESLUIT GETEKEND.pdf;Vaststelling beleidsplan Schuldhulpverlening 2026-2029;Schuldhulpverlening;2026-02-10;Gemeente Steenwijkerland, burgemeester en wethouders, Steenwijk;voorstel van burgemeester en wethouders van 06-01-2026, nummer 2026-RAAD-00010;
2026_RAAD_00010 Beleidsplan Schuldhulpverlening 2026-2029 - RAADSVOORSTEL.pdf;Beleidsplan Schuldhulpverlening 2026-2029;Schuldhulpverlening;2026-02-10;Gemeente Steenwijkerland, Team Samenleving, Kwaliteitsmedewerkers Uitvoering Sociaal Domein, Cluster Financiën, Trijn Jongman, Kredietbank Nederland, Sociaal Werk De Kop, Geldloket, Adviesraad Sociaal Domein, Rijksoverheid;Wet gemeentelijke schuldhulpverlening, Landelijk plan 'Basisdienstverlening Schuldhulpverlening', Uitvoeringsplan Schuldhulpverlening, Voorgaande beleidsplan (verlopen);
219213-R01 Nul-situatie onderzoek Eeserpad in Steenwijk Vak A en Vak B zandwinning_.pdf (grondonderzoek).pdf;Nulsituatie grondonderzoek Zandwinlocatie Eeserpad in Steenwijk;Grondonderzoek;2023-05-02;Zandwinlocatie Eeserpad, Steenwijk, Gemeente Steenwijk, Roelofs Advies en Ontwerp B.V., Ortageo Nederland B.V., Ortageo Metingen en Controle B.V., V.O.F. Zandexploitatiemaatschappij Eesermeer Steenwijk, R.F.A. Rieschke;;
220315 OD IJsselland voorlopig jaarverslag 2021.pdf;Voorlopig jaarverslag 2021 Omgevingsdienst IJsselland;Jaarverslag Omgevingsdienst;;Omgevingsdienst IJsselland, Maarten Offinga, Pieter-Jan van Zanten, Bennie Oosterhof, Gemeente Dalfsen, Gemeente Deventer, Gemeente Hardenberg, Gemeente Kampen, Gemeente Olst-Wijhe, Gemeente Ommen, Gemeente Raalte, Provincie Overijssel, Gemeente Staphorst, Gemeente Steenwijkerland, Gemeente Zwartewaterland, Gemeente Zwolle, Omgevingsdienst Rivierenland, programma Samen Toekomstbestendig;Nationaal Dreigingsbeeld Milieucriminaliteit 2021, tweede bestuursrapportage van 2021, bestuurlijke intentieovereenkomst;
220331 OD IJsselland ontwerpbegroting 2023.pdf;Concept Begroting 2023;Begroting 2023;2022-03-31;Omgevingsdienst, M.W. Offinga, P.J. van Zanten, Seinstra en partners, Provincie, Gemeente Ommen, Waterschappen, Raden en Staten, Openbaar Ministerie (OM), Politie, Keten Interventie Team (KIT), Algemeen Bestuur, DOWR, IJVI, ONS;Programma Samen Toekomstbestendig, VTH-jaarplan 2023, Besluit Omgevingsrecht, Wet bodembescherming (Wbb), Besluit Uniforme Saneringen (BUS), Omgevingswet, Regionale Nota Bodembeheer, Wet kwaliteitsborging bouw (Wkb), Meerjarenaanpak Harmonisatie ZZS, Wet elektronische publicaties (Wep), Modelrisicoanalyse VTH;
220816 Reactienota zienswijze Eeserwold Werken.pdf;Reactienota zienswijze Beeldkwaliteitsplan Eeserwold Werken;Zienswijze Beeldkwaliteitsplan;2022-09-01;Gemeente Steenwijkerland, Team Samenleving en Ontwikkeling/ Vergunningen, Toezicht en Handhaving, Marga Hoven, Eeserwold Werken, Eeserwold, Eesveenseweg, Eeser Campus, Eeser Gaard, Eeser Boulevard, Welstandscommissie;ontwerp Beeldkwaliteitsplan (ter inzage 4 mei - 14 juni 2022), Beeldkwaliteitsplan 2021, Beeldkwaliteitsplan 2022, stedenbouwkundige plan van 2021, welstandsnota gemeente, bestemmingsplan Eeserwold Werken;
221116 AvdB Advies geluid Paasloregel 60 Willemsoord (geanonimiseerd).pdf;Advies geluid minicamping Paasloregel;Bestemmingsplan;2022-11-16;Omgevingsdienst IJsselland, Gemeente Steenwijkerland, Paasloregel 58;Toelichting ontwerp bestemmingsplan ontwerp d.d. december 2021, Planregels, Verbeelding, Activiteitenbesluit, VNG publicatie bedrijven en milieuzonering;
230613 Advies GGD IJsselland concept 5 juni 2023 gezondheidbeleid gemeente Steenwijkerland (003).pdf;Advies lokaal gezondheidsbeleid Steenwijkerland;Gezondheidsbeleid;2023-06-13;Gemeente Steenwijkerland, Colinde Heijink, Mariska Zwartsenburg, GGD IJsselland, Jacquelien Nijboer, Marja de Jong, VNG, GGD GHOR Nederland, Pharos, Regio IJssel-Vecht, Regio IJsselland;Concept beleidsplan 2023-2026 (concept nota gezondheidsbeleid Steenwijkerland), Wet publieke gezondheid, Integraal plan van aanpak GALA, Vorige Bestuursagenda GGD, Schone Lucht Akkoord, Algemeen GGD-gezondheidsadvies over luchtverontreiniging, Algemeen GGD-gezondheidsadvies over Omgevingsgeluid, Kernwaarden Gezonde Leefomgeving, Programma GezondIn: burgers zijn hoofdrolspelers;
230619 VABP Heetveld 35-41 Sint Jansklooster (1).pdf;Bestemmingsplan Heetveld 35-41, Sint-Jansklooster;Bestemmingsplan;2023-06-19;Gemeente Steenwijkerland, Rookveen Vastgoed B.V., Rook Pijpleidingbouw, Heetveld, Sint-Jansklooster, De Wieden, E. Venema;Bestemmingsplan Zuidelijke Kernen (4 december 2012), Beheersverordening Buitengebied Steenwijkerland 2014;
230817 Richtlijnen PV-systemen beschermde stads- en dorpsgezichten 2023.pdf;Wijziging Welstandsnota: Richtlijnen PV-systemen in beschermde stads- en dorpsgezichten;Welstand en Duurzaamheid;2023-08-17;Vollenhove, Blokzijl, Kraggenlandschap, Dwarsgracht, Jonen, Giethoorn, College van burgemeester en wethouders, Welstandscommissie;Welstandsnota;
240527 Reflectierapport Zonnepark De Hoop (geanonimiseerd).pdf;Reflectie onderzoek Zonnepark De Hoop, Blokzijl;Zonne-energie;2024-05-27;Zonnepark De Hoop, Blokzijl, Baarlo, Coöperatie Steenergie, ROM3D, N333, Marknesseweg, Kuinderdijk, Rijkswaterstaat, TNO;;
240701 Raming hoofdpunten Stichtingskosten Bibliotheek aan de markt Steenwijk.pdf;Raming stichtingskosten Bibliotheek aan de Markt;Bibliotheek aan de Markt;2024-07-08;Bibliotheek aan de Markt, Steenwijkerland;;
240708 Raming hoofdpunten Stichtingskosten Spijkervetstallen.pdf;Raming stichtingskosten Museum Spijkervetstallen;Museum Spijkervetstallen;2024-07-08;Museum Spijkervetstallen, Steenwijkerland;;
240926 Ambitiedocument spoorzone steenwijk lage resolutie digitaal.pdf;Ambitiedocument Spoorzone Steenwijk 2040;Gebiedsontwikkeling;2024-09-26;Gemeente Steenwijkerland, Provincie Overijssel, Regio Zwolle, NS, Prorail, Waterschap Drents Overijsselse Delta, Het Oversticht, Defensie, Agrifac Machinery B.V., Kornelis Caps & Closures, Theater de Meenthe, RSG Tromp Meesters, Regionale Praktijk Academie, OEC 't Ravelijn, Goudappel, Royal HaskoningDHV, Steenwijk, Tuk, Zwolle, Havelte, Giethoorn, Oosterwolde, Station Steenwijk, LTS gebouw, Joodse begraafplaats, Steenwijker Aa, Tramlaan, Eesveenseweg, Stationsplein, Stationsstraat, Willem de Zwijgerstraat, J.H. Tromp Meestersstraat, Torenlanden, Oostwijken De Beitel, Oostermeenthe, Woldmeenthe, Kop van Overijssel, Koloniën van Weldadigheid;Woonagenda van Steenwijkerland, Verstedelijkingsstrategie: Warme Harten in een Klimaatadaptieve Delta (2023), Woondeal West-Overijssel (2022), Omgevingsvisie, Monitor Hubs Overijssel: Steenwijk (Goudappel 2023), Belevingsmonitor (NS & Prorail 2023), Afwegingskader wonen en werken, Coalitieakkoord, Verkeersstructuur Steenwijk (Royal HaskoningDHV, 2023), Strategische mobiliteitsvisie Steenwijkerland (2020), Fietsplan Steenwijkerland 2024-2027 (2023);
240926 magazine Steenwijk wonen en werken digitaal spreads.pdf;Afwegingskader Wonen en Werken Steenwijk;Woningbouw;2024-09-26;BVR Adviseurs, Gemeente Steenwijkerland, Steenwijk, Tuk, Regio Zwolle, Oostermeenthe, Nieuwe Gagels, Woldmeenthe, Biro, Provincie Overijssel, Stec groep, Betap Crilux locatie, Eeserwold 2, Woldmeenthe noord, Oostwijkstraat, Schansweg, De Kamp, Steenakkers, Hooijdijk, Steenwijker Aa;Woonagenda van Steenwijkerland, Verstedelijkingsstrategie Regio Zwolle, Warme Harten in een Klimaatadaptieve Delta, Ruimtelijke Economische Bouwsteen van de regio Zwolle, Stadsvisie Steenwijk, Omgevingsvisie Steenwijkerland, Kennisbank voorzieningenscan (Stipo 2012), Groennormen in de stad en omgeving (WUR 2022);
25 02 12 Kadernotitie begroting RSJ 2026, versie 0.5 februari 25.pdf;Kadernotitie en begroting RSJ IJsselland 2026;Jeugdhulp RSJ IJsselland;2025-02-12;Regio IJsselland, Regionaal Serviceteam Jeugd IJsselland (RSJ IJsselland), Regio Twente, Gelderse jeugdhulpregio’s (G7), Gemeente Kampen, Gemeente Olst-Wijhe, Gemeente Raalte, Gemeente Dalfsen, Gemeente Zwolle, Gemeente Steenwijkerland, Gemeente Staphorst, Gemeente Zwartewaterland, Gemeente Hardenberg, Ministerie van VWS, Expertise Netwerk (EN), Regionaal Expertise Team (RET), Provincie Overijssel, Provincie Gelderland, Landelijk ondersteuningsteam zorg voor de jeugd (OZJ);Regiovisie Jeugdhulp 2021 – 2025, Gemeenschappelijke Regeling Bedrijfsvoeringsorganisatie Regionaal Serviceteam Jeugd IJsselland (GR BVO RSJ IJsselland), Dienstverleningsovereenkomst (DVO), Wet beschikbaarheid jeugdhulp, Jeugdwet, Transformatieconvenant, Hervormingsagenda Jeugd, Actieplan Hervormingsagenda Jeugd IJsselland, Wet open overheid (Woo), Archiefwet, AVG;
25 02 12 Reactie brief verkennen ombuigingsmaatregelen.pdf;Reactie op verkenning ombuigingsmaatregelen RSJ IJsselland;Financiën GR RSJ IJsselland;2025-02-12;RSJ IJsselland, College van Burgemeester en Wethouders, BO-RSJ IJsselland, GGD IJsselland, Michiel van Willigen, Inge Degen, Zwolle;Brief d.d. 7 oktober 2024 (verkenning ombuigingsmaatregelen), Begroting 2024 en 2025, Kadernotitie en begroting 2026, Besluit BO-RSJ IJsselland d.d. 11 december 2024, Landelijke Hervormingsagenda Jeugd;
25-03 Aanlegfase Overhavendijk Kuinre Aerius.pdf;AERIUS Projectberekening Aanlegfase Overhavendijk Kuinre;Stikstof;2024-03-25;BJZ.nu B.V., Kuinre, Overhavendijk;;
25-03 Gebruiksfase Overhavendijk Kuinre Aerius.pdf;Projectberekening AERIUS Calculator Gebruiksfase Kuinre, Overhavendijk;Stikstof;2024-03-25;BJZ.nu B.V., Overhavendijk, Kuinre, AERIUS Calculator, Natura-gebieden, Wet natuurbescherming;;
250063_20251024-Woonwagenbeleid_Steenwijk.pdf;Woonwagenbeleid Steenwijkerland - Richting 2035;Woonwagenbeleid;2025-10-24;Gemeente Steenwijkerland, Melvin Smit, Ministerie van Binnenlandse Zaken (BZK), Minister Ollongren, Wetland Wonen Groep, Woonconcept, KAW, Europees Hof voor de Rechten van de Mens, Nieuwe Onnastraat (Steenwijk), Parallelweg (Steenwijk), Verlaatseweg (Steenwijk), De Deukten (Giethoorn), David van Bourgondiënstraat (Vollenhove);Beleidskader gemeentelijk woonwagen- en standplaatsenbeleid (12 juli 2018), Woonagenda 2022-2026, Prestatieafspraken 2023-2027, Behoefteonderzoek naar woonwagens en standplaatsen KAW (2024), Europees Verdrag voor de Rechten van de Mens (EVRM);
29.0 College - Gebiedsvisie Steenwijk Oost - Het vrije veld - Besluit.pdf;Gebiedsvisie Steenwijk Oost;Gebiedsontwikkeling;2024-07-02;J.H. Bats, M. Smit, T. Jongman, B. Harmsma, M. Scheringa, M.W. de Graaf, René Sturre, Steenwijk Oost, Steenwijk, Steenwijkerland, CSG Eekeringe, Meppelerweg, Scholestraat, locatie Ford Greve, Coöp, bureau DtnP, Stichting Steenwijk Vestingstad, Avanty, voormalige Rabobank, Team Economie en Recreatie, College van burgemeester en wethouders, gemeenteraad;Reactienota Steenwijk Oost, Eindrapport gebiedsvisie, Omgevingsvisie Steenwijkerland, Afwegingskader toekomstige woningbouw- en werklocaties, Verstedelijkingsstrategie, Ambitiedocument spoorzone, Petitie werkgroep bewoners;
29.0 Informatienota 2022 - 62 - Traject Regionale Energie Strategie (RES) 1.0 naar 2.0 en verder.pdf;Informatienota traject Regionale Energie Strategie (RES) 1.0 naar 2.0;Regionale Energie Strategie (RES);2022-12-06;Gemeente Steenwijkerland, Regio West Overijssel, Rijk, J.H. Bats, M. Smit, T. Jongman, B. Harmsma, Marcel Scheringa, Marco de Graaf, J.C. de Groot, Henriëtte de Jong;Klimaatakkoord (28 juni 2019), Concept RES (19 mei 2020), Hoofdlijnenakkoord (21 april 2021), RES 1.0 (22 juni 2021), Tussenstand RES West-Overijssel van 1 juli 2022, Informatienota van 12 juli (2022);
29.1 College - Gebiedsvisie Steenwijk Oost - Het vrije veld_definitief.pdf;Gebiedsvisie Steenwijk Oost - Het vrije veld;Gebiedsontwikkeling;2024-05-28;Gemeente Steenwijkerland, DTNP, R. Sturre, P. Rosmulder, D. Veenstra, Steenwijk, Steenwijk Oost, SG Eekeringe, Lijsterbesstraat, Oostwijkstraat, Parkeerterrein Eekeringe/Schans, Voormalige Rabobank, Ford Greve, Meppelerweg, Coop, Plus, Scholestraat, Sportschool Avanty, De Heuvel, Basisschool Het Kompas, Parkeerterrein Onnapoort, Stadsgracht, Stadswal;Integraal huisvestingsplan;
3 Goed werkgeverschap na dienstongevallen - hand-out hoofdpunten.pdf;Goed werkgeverschap na dienstongevallen;Dienstongevallen Veiligheidsregio's;2021-12-16;Veiligheidsregio's, Veiligheidsberaad, VNG, gemeenteraden;;
3. Dekkingsplan IJsselland 2022.PDF;Dekkingsplan 2022 (concept);Integrale brandweerzorg;;Brandweer, IJsselland;Landelijke handreiking;
3. P02425 BP Willemsoord - Prins van Oranjelaan_verbeelding_ONTWERP_20122021.pdf;Verbeelding ontwerp bestemmingsplan Willemsoord - Prins van Oranjelaan;Bestemmingsplan;2021-12-20;Annie Klijzinglaan, Ir. C.A. Kloosterhuisstraat, Prins van Oranjelaan, Willemsoord, Gemeente Steenwijkerland, Buro Hoogstraat Olst, de adviesgroep nederland;;
3.0 RSJ -231016 Aanbieding GR RSJ.pdf;Aanbieding Wijziging en Gemeenschappelijke Regeling RSJ IJsselland;Wijziging Gemeenschappelijke Regeling;2023-10-16;Griffierskring IJsselland, GGD IJsselland, Omgevingsdienst IJsselland, Veiligheidsregio IJsselland, RSJ IJsselland;Notities van de griffierskring IJsselland en bestuurssecretarissen (2022 en 2023), Wijziging WGR (1 juli 2022), Bijlage 1: Voorzet voor een notitie over de beoogde wijzigingen van de GR RSJ IJsselland, Bijlage 2: Notitie met de voorgestelde wijzigingen in de gemeenschappelijke regeling RSJ IJsselland, Bijlage 3: Concept voor de nieuwe GR RSJ IJsselland;
3.1 RSJ - GR-Bedrijfsvoeringsorganisatie-Jeugdhulp-IJsselland 16 oktober 2023.pdf;Wijziging Gemeenschappelijke regeling Bedrijfsvoeringsorganisatie Regionaal Serviceteam Jeugd IJsselland;Gemeenschappelijke Regelingen;2023-10-16;Dalfsen, Deventer, Hardenberg, Kampen, Olst-Wijhe, Ommen, Raalte, Staphorst, Steenwijkerland, Zwartewaterland, Zwolle, RSJ IJsselland, Regionaal Serviceteam Jeugd IJsselland;Wet gemeenschappelijke regelingen, Jeugdwet, Aanbestedingswet 2012, Gemeenschappelijke regeling Uitvoeringsorganisatie Jeugdzorg IJsselland;
3.1 RSJ Aanbieding GR RSJ 28042024.pdf;Wijziging GR Regionaal Serviceteam Jeugd IJsselland;Wijziging Gemeenschappelijke Regeling (GR);2024-03-28;Regionaal Serviceteam Jeugd IJsselland, Zwolle, Gemeente Kampen, Colleges van burgemeester en wethouders van deelnemende gemeenten;Bijlage 1: Voorstel voor gemeenteraden, Bijlage 2: Toelichting op de wijzigingsvoorstellen, Bijlage 3: Concept-aangepaste gemeenschappelijke regeling Regionaal Serviceteam Jeugd IJsselland, Zienswijze gemeenteraad Kampen;
3.2 RSJ GR-Bedrijfsvoeringsorganisatie-Jeugdhulp-IJsselland versie 28 maart.pdf;Wijziging Gemeenschappelijke regeling Regionaal Serviceteam Jeugd IJsselland;Jeugdhulp;;Dalfsen, Deventer, Hardenberg, Kampen, Olst-Wijhe, Ommen, Raalte, Staphorst, Steenwijkerland, Zwartewaterland, Zwolle, RSJ IJsselland, Regionaal Serviceteam Jeugd IJsselland, Uitvoeringsorganisatie Jeugdzorg IJsselland;Gemeenschappelijke regeling Uitvoeringsorganisatie Jeugdzorg IJsselland, Wet gemeenschappelijke regelingen, Jeugdwet, Aanbestedingswet 2012;
3D-Impressies - 05-07-2023 - 230705_B2139_DI00.pdf .pdf;Definitief Ontwerp 3D Impressies Herbestemming voormalige Rabobank;Herbestemming;2023-07-05;Steenwijk, voormalige Rabobank;;
4 Goed werkgeverschap na dienstongevallen - concept besluit AB VRIJ.pdf;Concept-besluit oprichting en deelname stichtingen risicobeheer en waarborgfonds veiligheidsregio's;Goed werkgeverschap na dienstongevallen;;Veiligheidsregio IJsselland, VNG, Veiligheidsberaad, Autoriteit Financiële Markten (AFM), De Nederlandse Bank (DNB);Wet gemeenschappelijke regelingen (artikel 31a, lid 2), Principebesluit Veiligheidsberaad 4 oktober 2021;
4. b_NL.IMRO.1708.WLOprinsvoranjelBP-ON01_regels_20122021.pdf;Bijlagen bij de regels Ontwerpbestemmingsplan Willemsoord;Bestemmingsplan;2021-12-20;Willemsoord;;
4. Plan van aanpak PRT 2024.pdf;Plan van aanpak PRT Overijssel 2024;Asiel, opvang en huisvesting;;PRT Overijssel, Overijssel;;
4.0 informatienota 2026 - 2 - Decembercirculaire 2025 gemeentefonds.pdf;Informatienota Decembercirculaire 2025 gemeentefonds;Gemeentefonds;2026-01-20;College van burgemeester en wethouders, Erik de Groot, Melvin Smit, Trijn Jongman, Marcel Scheringa, Miriam Slomp-Dekkers, Dennis Eikenaar, Jelmer Trox, Rijksoverheid;Septembercirculaire 2025, Perspectiefnota 2026-2030;
4.1 Kaderbrief bij begroting Veiligheidsregio IJsselland 2026.pdf;Kaderbrief bij begroting Veiligheidsregio IJsselland 2026;Begroting Veiligheidsregio IJsselland;;Veiligheidsregio IJsselland;;
4.1 VRIJ - Bijlage 4 conceptregeling Veiligheidsregio IJsselland.pdf;Concept Gemeenschappelijke Regeling Veiligheidsregio IJsselland 2024;Gemeenschappelijke regeling (Veiligheidsregio);2023-09-27;Veiligheidsregio IJsselland, Dalfsen, Deventer, Hardenberg, Kampen, Olst-Wijhe, Ommen, Raalte, Staphorst, Steenwijkerland, Zwartewaterland, Zwolle;Wet veiligheidsregio's, Wet gemeenschappelijke regelingen (Wgr);
4.1 VRIJ Aanbiedingsbrief wijziging gemeenschappelijke regeling.PDF;Vervolg wijziging gemeenschappelijke regeling VRIJ;Wijziging GR VRIJ;2024-03-28;Veiligheidsregio IJsselland, Zwolle, Kampen, gemeenteraad van Kampen;Brief van 16 oktober 2023 (conceptvoorstellen tot wijziging van de GR VRIJ), Wet gemeenschappelijke regelingen, Zienswijze gemeenteraad van Kampen;
4.2 VRIJ Toelichting wijzigingen GR VRIJ.pdf;Hoofdpunten en argumenten voor wijzigingsvoorstellen GR VRIJ;Wijziging Gemeenschappelijke Regeling;;GR VRIJ, Gemeenteraden, Algemeen bestuur, Dagelijks bestuur;;
40.0 College - Memo toelichting ontwikkelingen Scala.pdf;Toelichting situatie Scala – vervolgproces na BO 12 december;Stichting Scala;2022-12-14;Gemeenteraad Steenwijkerland, College van burgemeester en wethouders, stichting Scala -Centrum voor de Kunsten, gemeente Westerveld, gemeente De Wolden, gemeente Meppel, gemeente Steenwijkerland;Subsidie aanvraag 2023, Informatie van en over Scala (11 november 2022);
41.0 Burger -  Petitie 'Red Scala'.pdf;Toelichting bij petitie 'Red Scala';Scala;2022-12-14;Meppel, Steenwijkerland, Hoogeveen, De Wolden, Westerveld, Scala, Theater De Meenthe, Steenwijk, Johan Rozema, Jacomijn Rozema;Petitie 'Red Scala';
5. b_NL.IMRO.1708.WLOprinsvoranjelBP-ON01_Rb1.pdf;Bijlage 1 bij de regels: toegesneden lijst van bedrijfstypen;Ruimtelijke ordening / Vestigingsbeleid bedrijven;;;Bijlage 1 bij de regels, Staat bedrijfstypen: bedrijven, Staat bedrijfstypen: opslagen en installaties;
5.0 informatienota 2026 - 3 - Regionale Samenwerkingsagenda Energie West-Overijssel.pdf;Informatienota Regionale Samenwerkingsagenda Energie West-Overijssel;Duurzaamheid;2026-01-27;College van burgemeester en wethouders, Erik de Groot, Melvin Smit, Trijn Jongman, Marcel Scheringa, Miriam Slomp-Dekkers, Dennis Eikenaar, Jelmer Trox, Henriëtte de Jong, Bestuurlijke Energietafel (BET) West-Overijssel, West-Overijssel, NP RES, Provincie;Bestuurlijke Routekaart (oktober 2024), Regionale Samenwerkingsagenda Energie / Samenwerkingsagenda 2026-2030 (eind 2025), RES 1.0 (2021);
5.1 Informatienota 2026 - 3.1 -  Bijlage Regionale Samenwerkingsagenda Energie West-Overijssel 2026-2030.pdf;Regionale Samenwerkingsagenda Energie West-Overijssel 2026-2030;Energie;2025-12-04;West-Overijssel;;
6. b_NL.IMRO.1708.WLOprinsvoranjelBP-ON01_Rb2.pdf;Bijlage 2. Overzicht aan huis gebonden beroepen en bedrijven;Aan huis gebonden beroepen;;Kamers van Koophandel;;
7. Bijlage 1. Advies ecologie (1).pdf;Intern advies ecologie & biodiversiteit;Nieuwbouw;2021-12-21;Jan Mulder, Maarten Kaales, Prins van Oranjelaan, Willemsoord, Wet natuurbescherming, Natura 2000-gebied;;
7.0 College - Verslag toezicht op beheer niet-overgebrachte archieven 2025.pdf;Verslag toezicht op beheer niet-overgebrachte archieven 2025;Archiefbeheer;2026-01-13;Erik de Groot, Melvin Smit, Trijn Jongman, Marcel Scheringa, Miriam Slomp-Dekkers, Henriëtte de Jong, Jelmer Trox, Dennis Eikenaar, Gedeputeerde Staten van Overijssel, Gemeente Steenwijkerland, VNG, College van burgemeester en wethouders, Gemeenteraad;Archiefwet 1995, Kritische Prestatie Indicatoren (KPI's) voor de gemeentelijke archiefketen (versie 2020);
7.1 College - Verslag toezicht op het beheer van de niet-overgebrachte archieven 2025-bijlage.pdf;Verslag toezicht op het beheer van de niet-overgebrachte archieven 2025;Archiefbeheer;;Gemeentearchivaris;;
8. bijlage 2. AERIUS_bijlage_20220623074342_GebruiksfaseRVrPqYvLqQYR.pdf;Projectberekening AERIUS Calculator;Stikstof;2022-06-23;AERIUS Calculator, Natura 2000-gebieden, Wet natuurbescherming;;
8.0 College 1 - Bewonersbrief def.pdf;Bewonersbrief mogelijke opvang nareizigers in Fletcher Hotel;Asielopvang;2026-01-23;Gemeente Steenwijkerland, Steenwijk, Fletcher Hotel, COA, Minister van Asiel en Migratie, Wijkvereniging De Middenweg;Verslag inloopavond 12 september 2024, Raadsbesluit gemeenteraadsvergadering 1 oktober 2024, Spreidingswet;
8.1 College 1 - Begeleidende brief bij bewonersbrief.pdf;Begeleidende brief bij bewonersbrief inzake tijdelijke opvang asielzoekers in Fletcher Hotel;Asielopvang;2026-01-23;COA, Fletcher Hotel, Steenwijk, Dennis Eikenaar, Gemeente Steenwijkerland;Raadsbesluit oktober 2024 (inzake opvang kansrijke asielzoekers en statushouders), Bewonersbrief omgeving Fletcher Hotel;
9. Bijlage 3. Digitale watertoets.pdf;Digitale watertoets Woningbouw Prins van Oranjelaan Willemsoord;Woningbouw;2021-07-06;Thom Melenhorst, Waterschap Drents Overijsselse Delta, Prins van Oranjelaan, Willemsoord;Wet ruimtelijke ordening (Wro), Waterbeheerplan 2016-2021, Water Raakt!, De Keur, Verbreed gemeentelijke rioleringsplan (vGRP);
9.0 Besluit college pachtbeleid 3 feb 2026.pdf;Besluit Pachtbeleid gemeente Steenwijkerland;Pachtbeleid;2026-02-03;Gemeente Steenwijkerland, Erik de Groot, Melvin Smit, Trijn Jongman, Marcel Scheringa, Miriam Slomp-Dekkers, Dennis Eikenaar, Jelmer Trox, LTO Steenwijkerland, Team Economie en Recreatie, Afdeling Vitaal platteland, Afdeling Ruimtelijke ontwikkeling en projecten;Didam-arrest, Collegebesluit van 30 januari 2024;
9.1 Pachtbeleid gemeente Steenwijkerland - bijlage bij besluit.pdf;Pachtbeleid gemeente Steenwijkerland;Pachtbeleid;;Gemeente Steenwijkerland;;
Aanbiedingsbrief financiele stukken OD IJsselland.pdf;Aanbieden financiële stukken jaarcyclus Omgevingsdienst IJsselland;Financiën Gemeenschappelijke Regeling (OD IJsselland);2024-04-16;Omgevingsdienst IJsselland, Gemeenteraden, Provinciale Staten, Zwolle;Kaderbrief 2025, Ontwerpbegroting 2025, Ontwerpbegrotingswijziging 2024, Voorlopige jaarstukken 2023, Wet gemeenschappelijke regelingen, Programma Samen Toekomstbestending (STB), Interbestuurlijk Programma VTH (IBP-VTH);
aanbiedingsbrief gemeenteraden - Programmabegroting 2024.pdf;Concept Programmabegroting 2024;Programmabegroting;2023-03-16;Veiligheidsregio IJsselland, Gemeenteraden, Algemeen bestuur, Tien organisatieadvies, Brandweer, GHOR, Zwolle;Financiële en beleidsmatige kaders en uitgangspunten voor de programmabegroting 2024, Meerjarenbegroting 2023-2027;
aanbiedingsbrief gemeenteraden conceptprogrammabegroting 2025 VR IJsselland.pdf;Aanbieding concept-programmabegroting 2025;Programmabegroting VR IJsselland;2024-03-27;Veiligheidsregio IJsselland, Gemeenteraden, Algemeen bestuur (Veiligheidsregio IJsselland), Brandweer, GHOR, Crisisbeheersing;Financiële en beleidsmatige kaders en uitgangspunten voor de programmabegroting 2025 (22 februari 2024), Concept programmabegroting 2025;
aanbiedingsbrief Programmabegroting 2023 Veiligheidsregio IJsselland.pdf;Aanbiedingsbrief Concept Programmabegroting 2023 Veiligheidsregio IJsselland;Zienswijze GR;2022-03-29;Veiligheidsregio IJsselland, Zwolle, GGD, Omgevingsdiensten, Regionaal Serviceteam Jeugd (RSJ), Brandweer, GHOR, Crisisbeheersing;Financiële en beleidsmatige kaders en uitgangspunten voor de programmabegroting 2023;
Aanbiedingsbrief Raden en Staten ontwerpbegrotingswijziging 2021 en 2022.pdf;Aanbiedingsbrief ontwerpbegrotingswijziging 2021 en 2022;Zienswijze GR;2021-12-02;Omgevingsdienst IJsselland, Dagelijks Bestuur van Omgevingsdienst IJsselland, Regio IJsselland, Provincie Overijssel, Zwolle;Ontwerpbegrotingswijziging 2021 en 2022, Programma Samen Toekomstbestendig, Brieven van 14 april, 2 juli en 15 oktober 2021, Begroting 2023;
Aankooptekening (1).pdf;Aankooptekening Bergweg 18, Tuk;Grondaankoop;2023-01-09;Gemeente Steenwijkerland, Steenwijk, Tuk, S.G. Zwerver, Dhr. J.B. van Herwijnen, Mw. J. Hasenoot, Bergweg 18, Bergweg, Steendijk, Tukseweg, Oostwold, Oosterhoek, Perceel SWK05 E 2828, Perceel SWK05 E 2941;;
Aanpassing Verordening Jeugdhulp Steenwijkerland - RAADSVOORSTEL.pdf;Aanpassing Verordening Jeugdhulp Steenwijkerland;Jeugdhulp;2023-09-12;Gemeente Steenwijkerland, VNG, Team Samenleving, Regina Bakker, Gerard Elenga, Hennie de Weert, Linda van Eijk, Inge van de Poel, T. Jongman;Verordening Jeugdhulp Steenwijkerland, Jeugdwet, Wmo 2015, Beleidsplan toezicht en handhaving sociaal domein breed;
Aanpassing Verordening maatschappelijke ondersteuning Steenwijkerland 2020 artikel 12 lid 15.pdf;Aanpassing Verordening maatschappelijke ondersteuning Steenwijkerland 2020 artikel 12 lid 15;Wmo / Beschermd wonen;;Steenwijkerland, regio IJssel-Vecht;Verordening maatschappelijke ondersteuning Steenwijkerland 2020;
Aanvraag plus bijlagen - b_NL.IMRO.1708.PSLPaasloerweg16OV-ON01_bijlage.pdf;Master plan Camping Krolsbergen;Ruimtelijke ordening;;Camping Krolsbergen;;
Aanvraagformulier.pdf;Aanvraag vergunning Zonnepark Eeserwold;Zonnepark Eeserwold;2025-02-17;Gemeente Steenwijkerland, Hydronex, Bedrijventerrein Eeserwold, Perceel SWK01 G 1850;Verzoeknummer 20240802 00283 000, Verzoeknummer 20240802 00283 001;
Aanvullend ecologisch onderzoek 13-1-2022 Dwarsgracht 13, Giethoorn.pdf;Bureaustudie ecologie - Effecten van de bouwfase Dwarsgracht 13, Giethoorn;Woningbouw;2021-01-13;Mink Enthoven, Bevoegd gezag, Dwarsgracht 13, Giethoorn, H.J.M. Brouwer;Ecologische quickscan, Bestemmingsplan, Uitwerking van het thema stikstof, Wet natuurbescherming;
Aanvulling paragraaf 6.3 Welstandsnota richtlijnen monumenten.pdf;Richtlijnen en aandachtspunten welstands- en monumentencommissie;Monumenten en Welstand;;Welstands- en monumentencommissie, Gemeente Steenwijkerland;Welstandsnota Steenwijkerland;
Actualisatie Rapportage Stikstof Wanneperveen .pdf;Onderzoek Stikstofdepositie Woningbouwlocatie Wanneperveen;Stikstof;2024-10-31;Wanneperveen, Rensen Milieu Advies V.O.F., Febe Rensen, Blesdijke;;
Advies Regiovisie IJsselland Huiselijk Geweld en Kindermishandeling (plus Regiovisie Jeugdhulp) (1).pdf;Advies Regiovisie IJsselland Huiselijk Geweld en Kindermishandeling en Regionale visie Jeugdhulp;Sociaal Domein;2025-12-12;Adviesraad Sociaal Domein Steenwijkerland, Gemeente Steenwijkerland, College van Burgemeester en Wethouders, T. Jongman, Joke Wierbos, Regina Bakker, Janneke Dam, Regio IJsselland;Regionale visie Jeugdhulp IJsselland 2026-2031, Regiovisie IJsselland Huiselijk Geweld en Kindermishandeling 2026-2030, Regionale visie Jeugdhulp IJsselland 2021-2025;
Advies Regiovisie IJsselland Huiselijk Geweld en Kindermishandeling (plus Regiovisie Jeugdhulp).pdf;Advies Regiovisie IJsselland Huiselijk Geweld, Kindermishandeling en Jeugdhulp;Sociaal Domein;2025-12-12;Adviesraad Sociaal Domein Steenwijkerland, Gemeente Steenwijkerland, College van Burgemeester en Wethouders, T. Jongman, Joke Wierbos, Regina Bakker, Janneke Dam, Steenwijk, IJsselland;Regionale visie Jeugdhulp IJsselland 2026-2031, Regiovisie IJsselland Huiselijk Geweld en Kindermishandeling 2026-2030, Regionale visie Jeugdhulp IJsselland 2021-2025;
Adviesnota Lijst initiatieven met participatieplicht (Bijlage II).pdf;Adviesnota lijst initiatieven met participatieplicht;Omgevingswet;2022-01-18;Lars Otsen, Piter Reitsma, B. Harmsma, T. Bijl, college, gemeenteraad;visie op (inwoners)participatie;
Adviesnota Ontwerp-PIP Noordmanen - Bijlage GS-nota Ontwerp PIP Noordmanen - bijlage 6.pdf;Advies vervolgaanpak ontwerp-PIP Noordmanen;Ontwerp-PIP Noordmanen;2021-12-01;Bestuurlijke Adviesgroep Wieden Weerribben (BAG), Harro Pruijssen, Noordmanen, Kooi van Pen, Staatsbosbeheer, Provincie, GS (Gedeputeerde Staten), Ambtelijke Adviesgroep (AAG), Gemeenteraad Steenwijkerland, PS-leden (Provinciale Staten);Natura 2000 Beheerplan De Wieden en Weerribben, Inrichtingsplan Noordmanen en Kooi van Pen (bijlage 1), Peilbesluit;
Adviesnota Ontwerp-PIP Noordmanen - Bijlage GS-nota Ontwerp-PIP Noordmanen.pdf;Vaststellen O-PIP Noordmanen N2000 De Weerribben;Natura 2000 / Provinciaal Inpassingsplan;2021-12-21;Gedeputeerde Staten, G.H. ten Bolscher, H. Pruijssen, H. Jonkers, E. Visser, L. Bakker, K. Mentink, Natura2000 De Weerribben, Noordmanen, Gemeenteraad van Steenwijkerland, Commissie m.e.r., Provinciale Staten;NL.IMRO.9923.PIPNoordmanen-on01, Reactienota op de ingediende inspraakreacties, MER (Milieueffectrapportage), Inrichtingsplan PIP Noordmanen, Ontwerp-beheerplan;
AERIUS berekening realisatie natuurbegraafplaats Heidewold_ De Pol_ Woldweg.pdf;AERIUS-berekening realisatie natuurbegraafplaats Heidewold;Stikstof;;Natuurbegraafplaats Heidewold, Woldweg, De Pol;;
Aerius berekening update 2024 memo en berekeningen.pdf;Notitie AERIUS Beulakerweg 5 Giethoorn;Stikstof;2024-02-27;Team 2 Studio voor de bouwkunst, Econu, Bart Smeets, Giethoorn, Beulakerweg 5;;
AERIUS-berekening 2020.175 Tukseweg 136 te Tuk (29 juni 2023).pdf;AERIUS Berekening Tukseweg 136 te Steenwijk;Stikstof;2023-06-29;Hedgehog Company BV., Tukseweg 136 te Steenwijk, Stikstofberekenen.nl, Amsterdam;;
AERIUS_bijlage_20220426132922_Schoolstraat_Scheerwolde.pdf;AERIUS Projectberekening Schoolstraat Scheerwolde;Stikstof;2022-04-26;Schoolstraat, Scheerwolde, Natura 2000-gebieden, AERIUS Calculator, Wet natuurbescherming;;
Alfen_DNO_drawing.pdf (geanonimiseerd) (1).pdf;Bouwtekening betreedbaar station BSK1 000.36 Statkraft Winterswijk;Bouwtekening transformatorstation;2023-01-27;Statkraft Renewables Benelux B.V., Winterswijk, Liander, ABB, JAZO, Alfen;Offerte OF-46342, Tekeningnummer 8018A710 D, JAZO tekeningnr. AD47817-A-1-A1;
Alfen_DNO_drawing.pdf (geanonimiseerd).pdf;Offertetekening betreedbaar transformatorstation Statkraft Winterswijk;Energie-infrastructuur;2023-01-27;Statkraft Renewables Benelux B.V., Winterswijk, Liander, Alfen, ABB, JAZO;;
Algemene toelichting en artikelsgewijze toelichting VFL Steenwijkerland 2023.pdf;Algemene toelichting Verordening Fysieke Leefomgeving;Invoering Omgevingswet;;Gemeente Steenwijkerland;Afvalstoffenverordening Steenwijkerland 2017, Grondstoffenplan 2021-2025;
Antwoorden vragen raadslid Netjes tijdens werkvergadering 11-01.pdf;Antwoorden op vragen raadslid Netjes tijdens werkvergadering 11-01-2022;Agrarisch beleid;2022-01-11;Raadslid Netjes, Steenwijkerland, Gemeenteraad, College;Beleidsnotitie bestemmingsplan buitengebied Steenwijkerland, Voorstel aan de raad voor het bindend adviesrecht, Afwegingskader uitbreiding intensieve veehouderij en intensieve neventakken (2015);
AO 24-06-2024 (geanonimiseerd).pdf;Concept Anterieure overeenkomst zonnepark Blokzijl;Zonnepark;2024-06-24;Gemeente Steenwijkerland, J.H. Bats, College van Burgemeester en Wethouders, Steenergie Blokzijl B.V., MVA Hellinga Holding B.V., Stormkracht 8 B.V., Lok Holding B.V., Blokzijl, Uiterdijkenweg, Kuinderdijk, IJsselham;Beleidskader "Ruimte voor zonnepanelen op (Steenwijker)land", Wet ruimtelijke ordening (Wro), Omgevingswet;
Arnhem - Nijmegen - handreiking-ruimtelijke-inpassing-middenspanningsruimte-definitief.pdf;Handreiking Ruimtelijke Inpassing Middenspanningsruimtes;Ruimtelijke inpassing energie-infrastructuur;;Groene Metropoolregio Arnhem-Nijmegen, Liander;;
B10_Participatieverslag_2021-2023.pdf (geanonimiseerd) (1).pdf;Participatieverslag 2021-2023;Participatie;;;;
B10_Participatieverslag_2021-2023.pdf (geanonimiseerd).pdf;Participatieverslag 2021-2023;Participatie;;;;
B11_Financiele_participatie_lokaal_eigendom.pdf (geanonimiseerd) (1).pdf;Financiële participatie / lokaal eigendom;Energietransitie;;Gemeente Steenwijkerland, Coöperatie Steenergie, Blokzijl;Participatiewaaier (2019);
B11_Financiele_participatie_lokaal_eigendom.pdf (geanonimiseerd).pdf;Financiële participatie en lokaal eigendom;Energietransitie;;gemeente Steenwijkerland, Coöperatie Steenergie, Blokzijl;Participatiewaaier (2019);
B1_Situatietekening.pdf (geanonimiseerd) (1).pdf;Situatietekening Zonnepark (Proposal);Zonnepark;;Locatie 52.721708 5.842055;;
B1_Situatietekening.pdf (geanonimiseerd).pdf;Situatietekening PV-installatie (Zonnepark);Zonnepark;;Geert, Locatie 52.721708, 5.820888;;
B2_Uitvoeringstekening_Frame.pdf (geanonimiseerd) (1).pdf;Specificaties Ground Mounting System;Zonnepark;;Axial Structural;NEN EN 1991-1-4, NEN EN 1991-1-3, Eurocode 3;
B2_Uitvoeringstekening_Frame.pdf (geanonimiseerd).pdf;Uitvoeringstekening Frame (Ground Mounting System);Zonnepark;;Axial Structural;;
B3_Maatvoering_Compactstation.pdf (geanonimiseerd) (1).pdf;Foundation drawing DIABOLO 40H;Compactstation;2018-01-31;ALFEN, Almere, DIABOLO 40H;;
B3_Maatvoering_Compactstation.pdf (geanonimiseerd).pdf;Foundation drawing DIABOLO 40H;Compactstation;2018-01-31;Alfen, Almere;MS4408A881E, Norm'95;
B4_Datasheet_zonnepanelen.pdf (geanonimiseerd) (1).pdf;Preliminary Technical Information Sheet CSI Solar Co., Ltd.;Zonnepanelen;;CSI Solar Co., Ltd., IHS, Canadian Solar, Suzhou, Jiangsu, China;Installation Manual, Canadian Solar Limited Warranty Statement;
B4_Datasheet_zonnepanelen.pdf (geanonimiseerd).pdf;Datasheet CSI Solar zonnepanelen;Zonnepanelen;;CSI Solar Co., Ltd., IHS, Canadian Solar, Suzhou, Jiangsu, China;;
B5_Bodemonderzoek.pdf (geanonimiseerd) (1).pdf;Conditionerend onderzoek bodem Zonnepark de Hoop bij Blokzijl;Zonnepark;2023-01-27;Zonnepark de Hoop, Blokzijl, Coöperatie Steenergie;Referentie: BI7272-RHD-MI-RP-270123;
B5_Bodemonderzoek.pdf (geanonimiseerd).pdf;Conditionerend onderzoek bodem Zonnepark de Hoop bij Blokzijl;Bodemonderzoek Zonnepark;2023-01-27;Zonnepark de Hoop, Blokzijl, Coöperatie Steenergie;;
B6 Aeriusberekening zonneweide De Hoop 20231113 (geanonimiseerd) (1).pdf;Stikstofdepositie Zonnepark Blokzijl;Stikstof;2023-11-13;Coöperatie Steenergie, Royal HaskoningDHV, HaskoningDHV Nederland B. V., Blokzijl, Natura 2000-gebieden;Wet natuurbescherming (Wnb);
B6 Aeriusberekening zonneweide De Hoop 20231113 (geanonimiseerd).pdf;Stikstofdepositie Zonnepark Blokzijl;Stikstof;2023-11-13;HaskoningDHV Nederland B.V., Royal HaskoningDHV, Coöperatie Steenergie, Zonnepark Blokzijl, Blokzijl, Natura 2000-gebieden, Wet natuurbescherming (Wnb), AERIUS Calculator;;
B7_Natuurtoets_Zonnepark_de_Hoop.pdf (geanonimiseerd) (1).pdf;Natuurtoets zonnepark Baarlo;Zonnepark;2022-10-17;Baarlo, Steenergie;;
B7_Natuurtoets_Zonnepark_de_Hoop.pdf (geanonimiseerd).pdf;Natuurtoets zonnepark Baarlo;Zonneparken;2022-10-17;Baarlo, Steenergie;;
B8 Landschapsplan zonneweide De Hoop 20240206 (geanonimiseerd) (1).pdf;Landschapsplan Zonneweide De Hoop;Zonneweide;2024-02-06;Gemeente Steenwijkerland, De Hoop;;
B8 Landschapsplan zonneweide De Hoop 20240206 (geanonimiseerd).pdf;Landschapsplan Zonneweide De Hoop;Zonneweide De Hoop;2024-02-06;Gemeente Steenwijkerland, Zonneweide De Hoop;;
B9_Watertoets.pdf (geanonimiseerd) (1).pdf;Digitale Watertoets;Watertoets;2023-09-27;Waterschap;;
B9_Watertoets.pdf (geanonimiseerd).pdf;Digitale Watertoets;Waterbeheer;2023-09-27;Waterschap;;
BDO - Boardletter 2022 gemeente Steenwijkerland.pdf;Boardletter 2022;Boardletter;2022-11-11;Gemeente Steenwijkerland, BDO;;
Beantwoording vragen van de fractie ChristenUnie over de adviesnota (Bijlage III).pdf;Beantwoording vragen ChristenUnie over adviesnota Lijst initiatieven met participatieplicht;Participatieplicht Omgevingswet;;ChristenUnie, Gemeenteraad;Adviesnota 'Lijst initiatieven met participatieplicht', Participatieverordening, Visie op inwonersparticipatie;
Beantwoording zienswijzen omg Steenwijkerdiep-Noord 12B in Scheerwolde d.d. 25-06-2024 (geanonimiseerd).pdf;Reactienota zienswijzen Ontwerpbesluit omgevingsvergunning Steenwijkerdiep-Noord 12B Scheerwolde;Omgevingsvergunning;2024-06-25;Gemeente Steenwijkerland, Steenwijkerdiep-Noord 12B, Scheerwolde, Steenwijk, Team Ruimtelijke ordening en projecten & Vergunningen, Toezicht en Handhaving;Ontwerpbesluit omgevingsvergunning Steenwijkerdiep-Noord 12B;
Beantwoording zienswijzen omg zonneweide ten noordwesten van Blokzijl d.d. 25-06-2024 (geanonimiseerd).pdf;Reactienota zienswijzen Ontwerpbesluit omgevingsvergunning zonneweide Blokzijl;Zonneweide Blokzijl;2024-06-25;Gemeente Steenwijkerland, Steenwijk, Blokzijl, Uiterdijkenweg 61, Team Ruimtelijke ordening en projecten, Team Vergunningen, Toezicht en Handhaving;Ontwerpbesluit omgevingsvergunning voor een tijdelijke omgevingsvergunning voor het aanleggen van een zonneweide ten noordwesten van Blokzijl;
Beantwoording zienswijzen TAM-omgevingsplan Wanneperveen.pdf;Reactienota zienswijzen TAM-Omgevingsplan Hoofdstuk 22a Wanneperveen;Ruimtelijke ordening en Woningbouw;2024-11-04;Steenwijkerland, Steenwijk, Wanneperveen, Lascal Boer, Team Ruimtelijke ordening en projecten;;
Beeldkwaliteitsplan woningbouw en kindcentrum Wanneperveen.pdf;Beeldkwaliteitsplan woningbouw en nieuwe kindcentrum Wanneperveen;Woningbouw en kindcentrum;;Wanneperveen;;
4. Crisisplan 2023-2026.PDF;Crisisplan 2023-2026 Veiligheidsregio IJsselland;Crisisbeheersing en Veiligheid;;Veiligheidsregio IJsselland, Brandweer, GHOR, Politie, Bevolkingszorg;Politiewet (2012), Wet veiligheidsregio’s (2010), Besluit veiligheidsregio’s (2010), Besluit personeel veiligheidsregio’s (2010), Wet publieke gezondheid (2008), Gemeentewet (1992);
Adviesrapport Rabo Theater De Meente - dd. 30-05-2022.pdf;Adviesrapport ontwikkeling Meeting Center Rabo Theater De Meenthe;Commerciële exploitatie en zaalverhuur;2022-05-30;Rabo Theater De Meenthe, Onemeeting Services B.V., The Onemeeting Company B.V., Onemeeting.com, Han Evers, Maarten Geurtse, Saviëlle Roemeling, Ingrid van der Wal-Koek, Fletcher Hotel Restaurant Steenwijk, Fletcher Hotel Restaurant De Eese-Giethoorn, Van der Valk Wolvega;Beleidsnota april 2019 van Rabo Theater De Meenthe;
Begroting in een oogopslag 2025.pdf;Programmabegroting 2025 in één oogopslag Veiligheidsregio IJsselland;Begroting Veiligheidsregio IJsselland;;Veiligheidsregio IJsselland, Meldkamer Oost-Nederland, Het Rijk;;
Beheersverordening Buitengebied Steenwijkerland 2014.pdf;Beheersverordening Buitengebied Steenwijkerland 2014;Beheersverordening / Agrarisch beleid;;Buitengebied Steenwijkerland, Agrarische bedrijven, Veehouderijbedrijven;Voorheen geldende bestemmingsplannen;
Beleidsnotitie Participatie onder de Omgevingswet.pdf;Beleidsnotitie Participatie onder de Omgevingswet;Omgevingswet;;Gemeenteraad, College, Initiatiefnemers;Visie op (inwoners) participatie, Participatieverordening;
Beleidsplan Beheer en Onderhoud Wegen Paden (beleidsplan).pdf;Beleidsplan Beheer en Onderhoud Wegen & Paden;Infrastructuur en Wegen;;CROW;Grondwet, Burgerlijk Wetboek, Wegenwet, Omgevingswet, Actieplan veilige bermen;
Beleidsplan Schuldhulpverlening 2026-2029.pdf;Beleidsplan Schuldhulpverlening 2026-2029;Schuldhulpverlening;Onbekend;Sociaal Werk De Kop, Regionaal Bureau Zelfstandigen (RBZ), Kredietbank Nederland (KBNL), Vluchtelingenwerk, Rechtbank;Wet gemeentelijke schuldhulpverlening (Wgs), Faillissementswet, Gedragscode Schuldhulpverlening, Actieplan Schuldhulpverlening 2021 -2024, Wet Inburgering 2021, Nationaal Plan Armoede en Schulden (NPAS), Basisdienstverlening Schuldhulpverlening;Vollenhove
Beleidsplan_Onderhoud_Vastgoed 11-11-25.pdf;Beleidsplan onderhoud maatschappelijk vastgoed;Onderhoud maatschappelijk vastgoed;2025-11-11;Schoolbestuur, Planon;Meerjarenonderhoudsplan (MJOP), NEN 2767;
Beleidsvisie Openbare Verlichting (beleidsvisie).pdf;Beleidsvisie openbare verlichting Gemeente Steenwijkerland;Openbare Verlichting;;Provincie Overijssel, Bureau Licht en Donker Advies, Gemeente Steenwijkerland;;
Beleidsvisie Openbare Verlichting (publieksversie).pdf;Beleidsvisie Openbare Verlichting;Openbare Verlichting;;Provincie Overijssel, 17 andere Overijsselse gemeenten, Nederlandse Praktijkrichtlijn (NPR), Nederlandse Stichting voor Verlichtingskunde (NSVV), Netbeheerders, Noordoostpolder, De Weerribben en De Wieden, Woldberg;Beleidsvisie 'Zo verlichten wij in Overijssel', Vorig beleidsplan, Bijlage B: Participatie;
Berekening lasten museum en bibliotheek juli 2024.pdf;Financiële berekening lasten museum en bibliotheek;Financiën / Vastgoed;2024-07-01;Bibliotheek aan de Markt, Museum Spijkervetstallen, DUMAVA;;Steenwijk Centrum / Binnenstad
Beschikking - Omgevingsvergunning - Gagelsweg 25, Steenwijk - 20240423 (geanonimiseerd).pdf;Omgevingsvergunning voor het plaatsen van drie zonnecarports aan de Gagelsweg 25;Omgevingsvergunning;2024-04-23;Rechtbank Overijssel, Gemeente Steenwijkerland, Netwerk Groene Bureaus, Gagelsweg 25, 8331 CM Steenwijk;Bestemmingsplan Steenwijk & Tuk, Tijdelijk deel omgevingsplan Steenwijkerland, Aanvraag omgevingsvergunning d.d. 6 maart 2024 (Z2024-00001937);De Gagels, Tuk
Beschikking Afdeling bestuursrechtspraak Raad van State inzake termijnverlenging Tuk -Tukseweg 136.pdf;Beschikking Raad van State inzake termijnverlenging Tukseweg 136 te Tuk;Bestemmingsplan;2022-06-15;Raad van State, Afdeling bestuursrechtspraak, gemeente Steenwijkerland, P.C. ter Haar, PTH Trading, mr. drs. B.P.M. van Ravels, mr. R.I.Y. Lap, Tukseweg 136;tussenuitspraak van 30 maart 2022, in zaak nr. 202104917/1/R3, bestemmingsplan Bedrijventerreinen;Tuk
Bestemmingsplan Lakeweg 7 en 8, IJsselhamReactienota zienswijze.pdf;Reactienota zienswijzen ontwerpbestemmingsplan Lakeweg 7 & 8 IJsselham;Bestemmingsplan;2023-01-12;Waterschap Drents Overijsselse Delta, Sander Wennemers, Furkan Adigüzel, Team Samenleving en Ontwikkeling, Zwolle;ontwerpbestemmingsplan Lakeweg 7 & 8 IJsselham, uitgangspuntennotitie;Ijsselham
Bestemmingsplan Lakeweg 7 en 8_ontwerp_1_Bijlagen_compressed.pdf;Rapportage Kwaliteitsimpuls Groene Omgeving Lakeweg 7;Bestemmingsplan;2022-04-07;Fons Rensen, R.S. Bos, J. Fleer, Provincie Overijssel;;Ijsselham
Bestemmingsplan Lakeweg 7 en 8_ontwerp_1_Regels.pdf;Regels ontwerp bestemmingsplan Lakeweg 7 en 8;Bestemmingsplan;;Lakeweg 7 en 8, Gemeente Steenwijkerland, College van burgemeester en wethouders;NL.IMRO.1708.ISHLakeweg7en8BP-ON01, Erfgoedwet;
Bestemmingsplan Lakeweg 7 en 8_ontwerp_1_Toelichting.pdf;Ontwerp bestemmingsplan Lakeweg 7 en 8;Bestemmingsplan;2022-06-01;BJZ.nu, Waterschap Drents Overijsselse Delta;m.e.r. besluit, Uitgangspuntennotitie Waterschap Drents Overijsselse Delta, KGO-investering;
Bestemmingsplan ontwerp.pdf;Ontwerp bestemmingsplan Vollenhoofsedijk 2 te Blokzijl;Bestemmingsplan;2023-12-04;Fam. De Boer, Kleine Camping De Duin, Mestemaker Architecten, Vollenhoofsedijk 2;;Blokzijl
Bestemmingsplan verbeelding_20220303-A3.pdf;Verbeelding bestemmingsplan Steenwijk - Ruxveenseweg 2;Bestemmingsplan;2023-01-09;Rho Adviseurs, K. Heijmeriks, Ruxveenseweg, Zuidveenseweg;NL.IMRO.1708.STWRuxveenseweg2-VAS1;
Bestuursrapportage GGD IJsselland najaar 2022.bijlage begrotingswijziging 2022-1.pdf;Eerste begrotingswijziging 2022 GGD IJsselland;Begrotingswijziging GGD IJsselland;;GGD IJsselland, Rijk;Corsa G22.000976;
Bestuursrapportage GGD IJsselland najaar 2022.bijlage document.pdf;Bestuursrapportage GGD IJsselland najaar 2022;Zienswijze GR;2022-10-13;GGD IJsselland, Ministerie van VWS, RIVM, Veiligheidsregio, GHOR;Financiële verordening GGD IJsselland, Programmabegroting 2022, Begrotingswijziging 2022/1, Ontwikkelingenbrief van januari 2022;
Bestuursrapportage GGD IJsselland najaar 2022.brief aan raden.pdf;Aanbieding eerste begrotingswijziging en bestuursrapportage najaar 2022 GGD IJsselland;Zienswijze GR GGD IJsselland;2022-09-29;GGD IJsselland, Ministerie van VWS, Rijk, Christine Hoogenboom, Jeroen Homburg, A.M. (Rianne) van den Berg, Zwolle, Deventer;Programmabegroting 2022, Eerste begrotingswijziging 2022 GGD IJsselland, Bestuursrapportage najaar 2022, Wet gemeenschappelijke regelingen, Ontwikkelingenbrief van januari 2022;
Bestuursrapportage voorjaar 2023 GGD IJsselland.pdf;Bestuursrapportage voorjaar 2023 GGD IJsselland;Publieke gezondheid;2023-04-19;GGD IJsselland, Samenwerkende Gemeentelijke Organisaties, Ministerie van VWS, Veiligheidsregio IJsselland, GGD GHOR Nederland, VNG, Rijk;Programmabegroting 2022, Programmabegroting 2023, Kadernota 2024, Bestuursagenda publieke gezondheid 2023-2027, Agenda publieke gezondheid 'Beweging vanuit eigen regie', Versterking Infectieziektebestrijding en pandemische paraatheid GGD 'en';
Bestuursrapportage voorjaar 2023_Begrotingswijziging 2023-1 GGD IJsselland.pdf;Eerste begrotingswijziging 2023 GGD IJsselland;Begroting GR;;GGD IJsselland;Corsa G23.000354;
Bestuursrapportage voorjaar 2023_oplegger.pdf;Bestuursrapportage voorjaar 2023;Bestuursrapportage en begroting GGD IJsselland;2023-05-17;GGD IJsselland, Astrid Schulting, Michiel van Willigen, Rijk, Dalfsen, Deventer, Hardenberg, Kampen, Olst-Wijhe, Ommen, Raalte, Staphorst, Zwartewaterland, Zwolle;Programmabegroting 2023, Ontwerp-Programmabegroting 2024, Financiële verordening GGD IJsselland, Begrotingswijziging 2023/1, Brief aan gemeenteraden;
Bijlage - Aanvullend bodemonderzoek.pdf;Aanvullend bodemonderzoek Roekebosscheweg 3a te Wanneperveen;Bodemverontreiniging;2022-12-13;Inventerra, Omgevingsdienst, Roekebosscheweg 3a, Kadastrale gemeente Brederwiede, Normec Certifications, TÜV Nederland;Verkennend bodemonderzoek (rapport 22-2050-RO1AvH, d.d. 7 april 2022);Wanneperveen
Bijlage - ecologische quickscan De Pol 18b.pdf;Quickscan Flora & Fauna De Pol 18b;Woningbouw;2021-11-11;RooBeek Advies, Alcedo Natuurprojecten, De Pol 18b;;De Pol, Baars en de Bult
Bijlage - Overzicht aan huis gebonden beroepen en of bedrijven.pdf;Overzicht aan huis gebonden beroepen en bedrijven;Aan huis gebonden beroepen en bedrijven;;Kamers van Koophandel;;
Bijlage - Quickscan flora en fauna.pdf;Quickscan Wet natuurbescherming Roekebosscheweg 3a te Wanneperveen;Wet natuurbescherming;2022-03-09;BLOM ECOLOGIE, Buro SRO Oost B.V., Natuurgebied 'de Wieden';;Wanneperveen
Bijlage - Regiovisie Huiselijk Geweld en Kindermishandeling (def).pdf;Regiovisie IJsselland Huiselijk Geweld en Kindermishandeling;Huiselijk Geweld en Kindermishandeling;Onbekend;Regio IJsselland;Regiovisie Huiselijke Geweld en Kindermishandeling 2021 - 2024, Toekomstbeeld 2030 Samen tegen huiselijk geweld - Lokaal sterk, Hervormingsagenda Jeugd, Toekomstscenario Kind- en Gezinsbescherming, Leidraad Werken aan Veiligheid, Aanpak Voorkomen Escalatie (AVE);
Bijlage - Regiovisie Jeugdhulp IJsselland 2026-2031.pdf;Regionale visie Jeugdhulp IJsselland 2026-2031;Jeugdhulp;2025-10-10;RSJ IJsselland, Michiel van Willigen, GGD, Gecertificeerde Instellingen, Commissie Van Ark;Kinderrechtenverdrag, Hervormingsagenda Jeugd, Wet verbetering beschikbaarheid jeugdzorg, Jeugdwet, Regionale uitvoeringsagenda;
Bijlage - verkennend bodemonderzoek De Pol 18b.pdf;Verkennend milieukundig bodemonderzoek De Pol 18b;Woningbouw;2021-11-04;;;De Pol
Bijlage - Verkennend bodemonderzoek.pdf;Verkennend bodemonderzoek Roekebosscheweg 3a te Wanneperveen;Bestemmingswijziging en nieuwbouw;2022-04-07;Inventerra, Buro SRO, Normec Certification, TÜV Nederland, Roekebosscheweg 3a;;Wanneperveen
Bijlage - voorbeeld nen 2767 rapport en MJOP Brandweerkazerne Giethoorn.pdf;Inspectierapport Brandweerkazerne Giethoorn;Vastgoedonderhoud;2024-04-05;Jeroen Veldhuizen, Bartus Warnersweg 1, Brandweer;;Giethoorn
Bijlage - Voortoets stikstofdepositie .pdf;Voortoets stikstofdepositie Roekebosscheweg, Wanneperveen;Stikstof;2023-01-30;Natura 2000;;Wanneperveen
Bijlage 1 - Grondtekening (ingezoomd).pdf;Grondtekening mogelijke opstelling windturbines percelen Oldemarkt e.o.;Windturbines;2023-12-14;S.G. Zwerver, De Lende, Jonkers- of Helomavaort, Driewegsluis;;Oldemarkt, Ossenzijl
Bijlage - Voortoets stikstofdepositie.pdf;AERIUS Projectberekening nieuwbouw woning De Pol 18b;Stikstof;2023-04-13;Natura 2000, Löhnislaan;;De Pol
Bijlage - Watertoets (1).pdf;Digitale Watertoets;Watertoets;2022-03-28;Waterschap Drents Overijsselse Delta;Wet ruimtelijke ordening (Wro), waterbeheerplan 2016-2021, Water Raakt!, De Keur, verbreed gemeentelijke rioleringsplan (vGRP);
Bijlage - Watertoets.pdf;Resultaat Digitale Watertoets;Watertoets;2021-11-12;Waterschap Drents Overijsselse Delta;;
Bijlage - Wel of geen staatsteun (rechtmatigheid)- Advies Helpdesk decentraal Europa.pdf;Juridisch advies over staatssteun en Wet Markt en Overheid bij renovatie congresvoorziening theater;Staatssteun;;Kenniscentrum Europa decentraal, Theater de Meenthe, Onemeeting;Financiële verordening 2018 Steenwijkerland;
Bijlage 1  Archeologisch onderzoek.pdf;Bureauonderzoek en inventariserend veldonderzoek Jan Steenstraat Steenwijk;Archeologisch onderzoek;2021-08-01;Lycens B.V., Stichting Woonconcept, Gemeente Steenwijkerland, Jan Steenstraat, Maaike van Benthem, M. Soldaat, A.G.J. Hullegie, A.M. Bakker, H. Kroes-Nawijn;;
Bijlage 1 - Concept Modelwijzigingsbesl BenW opheffing RSJ en 7e wijzi GR GGD.pdf;Modelbesluit opheffing RSJ IJsselland en 7e wijziging GR GGD IJsselland;Gemeenschappelijke regelingen;2025-07-10;GGD IJsselland, RSJ IJsselland, Regionaal Serviceteam Jeugd, Dalfsen, Deventer, Hardenberg, Kampen, Olst-Wijhe, Ommen, Raalte, Staphorst, Steenwijkerland, Zwartewaterland, Zwolle, Provincie Overijssel;Gezamenlijke voorstel van het dagelijks bestuur van GGD IJsselland en het bestuur van RSJ IJsselland d.d. 10 juli 2025, Notitie 'Samen robuust' - Uitwerking richtinggevend bestuursbesluit tot verkenning fusie RSJ en GGD IJsselland (versie 9 april 2025), Concept-liquidatieplan d.d. 9 april 2025 voor het Regionaal Serviceteam Jeugd IJsselland;
Bijlage 1 - Jaarstukken 2024 GGD IJsselland.begeleidende brief gemeenteraden.pdf;Begeleidende brief Jaarstukken 2024 GGD IJsselland;Gemeenschappelijke Regeling (GR) GGD IJsselland;2025-04-23;GGD IJsselland, Dagelijks bestuur GGD IJsselland, Algemeen bestuur GGD IJsselland, Gedeputeerde Staten van de provincie Overijssel, Ministerie van VWS, Commissie BBV, Astrid Schulting (directeur Publieke Gezondheid), Jeroen Homburg;Jaarstukken 2024 (Jaarverslag en Jaarrekening), Programmabegroting 2026, Managementletter over 2024, Wet gemeenschappelijke regelingen (Wgr), Besluit Begroting en Verantwoording provincies en gemeenten (BBV);
Bijlage 1 - Landschappelijk inpassingsplan.pdf;Beplantingsplan familie ten Klooster aan de Oldemarktseweg 103;Landschappelijke inpassing;;Familie ten Klooster, Oldemarktseweg 103;;Steenwijkerwold en Witte paarden
Bijlage 1 - Notitie Samen robuust - voorstel overgang RSJ-GGD.pdf;Samen robuust - Uitwerking verkenning fusie RSJ en GGD IJsselland;Fusie RSJ en GGD IJsselland;2025-04-09;Regionaal Serviceteam Jeugd IJsselland (RSJ), GGD IJsselland, 11 IJssellandse gemeenten, Lysias Advies, Bastiaan Wallage (Van Benthem Keulen), Sander van Walsem (gemeente Kampen), Gemeente Kampen;Notitie: Naar robuuste regionale samenwerking! (26 november 2024), Hervormingsagenda jeugd, Toekomstscenario jeugd- en gezinsbescherming, Regiovisie;
Bijlage 1 - Op weg naar een nieuw museum in twee scenarios_def.pdf;Op weg naar een nieuw museum voor Steenwijkerland - Uitwerking twee scenario's;Cultuur en Erfgoed;2023-02-01;Stadsmuseum Steenwijk, Kermis- en Circusmuseum, Hildo Krop Museum, Historische Vereniging Steenwijk e.o., Galerie Steenwijk, Bureau De Wierde, Studio Louter, OPERA Amsterdam, Dijkoraad, RAAP, Find Asbestinventarisatie, Huls Architecten, Blueyard, Villa Rams Woerthe, Spijkervetstallen, Kasteel Toutenburg, Kuinderburcht;Haalbaarheidsonderzoek (2020), Masterplan 'Op weg naar een nieuw museum voor Steenwijkerland' (2021), Politieke Markt (14 december 2021), FARO-verdrag;Vollenhove, Blokzijl, Giethoorn
Bijlage 1 - Reactienota voorkeursrecht.pdf;Reactienota op zienswijzen bij concept raadsbesluit bevestiging voorkeursrecht;Windenergie en voorkeursrecht;;College van burgemeester en wethouders, Kadaster, Provincie, Natura 2000;Concept raadsbesluit bevestiging voorkeursrecht, Algemene wet bestuursrecht art. 4:8, Windladder (bijlage 1), Omgevingsbesluit artikel 9, Omgevingswet artikel 9;Oldemarkt, Ossenzijl, Ijsselham
Bijlage 1 - Studie unilocatie VO Stw.25.9.23_00.pdf;Studie Unilocatie Voortgezet Onderwijs Steenwijkerland;Onderwijshuisvesting;2023-09-25;Schoolbestuur Simant, RSG Tromp Meesters, Gemeente Steenwijkerland, Lijsterbesstraat 1;Raadsbesluit april 2021, Coalitieakkoord 2022-2026, SamenwerkingsOvereenKomst (SOK), Programma van Eisen (PvE);
Bijlage 1 - Verordening gecertificeerde instellingen.pdf;Subsidieverordening Gecertificeerde Instellingen Regio IJsselland;Jeugdbescherming en jeugdreclassering;2022-12-20;college van burgemeester en wethouders, RSJ IJsselland, Gemeente Dalfsen, Gemeente Deventer, Gemeente Hardenberg, Gemeente Kampen, Gemeente Ommen, Gemeente Olst-Wijhe, Gemeente Raalte, Gemeente Staphorst, Gemeente Zwartewaterland, Gemeente Zwolle, Nederlandse Zorg Autoriteit (NZA);voorstel van het college van 20 december 2022 kenmerk 2022-B&W_00953, Gemeentewet, Algemene wet bestuursrecht, Subsidieverordening Gecertificeerde Instellingen Regio IJsselland 2020-2022, Jeugdwet, Certificatieschema voor toetsing van het kwaliteitsmanagementsysteem van uitvoerende organisaties voor Jeugdbescherming en Jeugdreclassering, Toekomstscenario kind- en gezinsbescherming;
Bijlage 1 - voorkeursrecht besluit college van 9 januari 2024.pdf;Vestiging voorlopig voorkeursrecht op twaalf percelen te Oldemarkt;Voorkeursrecht (Windenergie);2024-01-09;Gemeente Steenwijkerland, Kadaster, De Lende, Ossenzijlerweg;Omgevingswet (artikel 9.1 lid 1 en 2), Algemene wet bestuursrecht (artikel 4:8);Oldemarkt
Bijlage 1 Aan de slag met het omgevingsplan.pdf;Aan de slag met het omgevingsplan;Omgevingsplan;2023-01-17;Vereniging van Nederlandse Gemeenten;;
Bijlage 1 aangepast_Landschapsplan en beplantingsplan achtergrondDwarsgracht 13 en 13a.pdf;Landschappelijk inpassingsplan en erfplan Dwarsgracht 13 en 13A;Woningbouw;2022-01-01;De Wieden;;Jonen en Dwarsgracht
BIJLAGE 1 Afdeling 8.4 Kostenverhaal Bouwactiviteiten.pdf;Omgevingsbesluit Afdeling 8.4 Kostenverhaal Bouwactiviteiten;Kostenverhaal;2024-01-01;Bevoegd gezag;Omgevingsbesluit, Wet waardering onroerende zaken, Bijlage IV;
Bijlage 1 bij  collegevoorstel vervolg scenarios vaststelling subsidies maatschappelijke organisaties.pdf;Uitwerking scenario's vaststelling subsidies maatschappelijke organisaties en accountantsverklaringen;Subsidies;;Theater De Meenthe, Stichting Sportservice Steenwijkerland, Zwembad Tolhekke, Scala, Bibliotheek, Gemeente Emmeloord, VNG;ASV 2018 (Algemene Subsidieverordening), Collegebesluit (eerdere afspraken De Meenthe), Collegebesluit (inzake samenstellingsverklaring Tolhekke), Artikel 4:23 AWB, Artikel 213a Gemeentewet;
Bijlage 1 bij aanbiedingsbrief Raden en Staten DB adviesnota ontwerpbegrotingswijziging 2021 en 2022.pdf;Ontwerpbegrotingswijziging 2021 en 2022;Begroting;2021-11-11;Dagelijks Bestuur, Algemeen Bestuur, Raden en Staten, Provinciale Staten, J.H. Bos, J.M. Vroomen, P.J. van Zanten, J. Badenhop, B. Meijer, M.W. Offinga, Omgevingsdienst (OD), Provincie;Begroting 2022 (vastgesteld 8 juli 2021), Duurzame begroting 2023, Projectplan Energie en Duurzaamheid 2022 - 2023 (ingestemd 7 oktober 2021), CAO SGO 2021-2022, Programma Samen Toekomstbestendig;
Bijlage 1 bij de regels - Aan huis gebonden beroepen enof ambachtelijke bedrijvigheid.pdf;Overzicht aan huis gebonden beroepen en ambachtelijke bedrijvigheid;Aan huis gebonden bedrijven;;Kamers van Koophandel;;
Bijlage 1 bij de toelichting - Akoestisch onderzoek.pdf;Akoestisch onderzoek wegverkeerslawaai Bergstein, Tuk;Woningbouw;2021-03-30;De Milieu adviseur, Witpaard, Ruben Beens, Bergstein, Wethouder Zeefatstraat, Wethouder Slootstraat, Spoorlijn Leeuwarden - Zwolle, Steenwijkerweg (N334), A32;;Tuk
Bijlage 1 Fietsplan Steenwijkerland - DEF01804023.pdf;Fietsplan Steenwijkerland 2024 - 2027;Mobiliteit;2023-04-17;HaskoningDHV Nederland B.V., Overijssel;Strategische Mobiliteitsvisie, Mobiliteitsagenda;Steenwijk Centrum / Binnenstad
Bijlage 1 Fietsplan Steenwijkerland.pdf;Fietsplan Steenwijkerland CONCEPT;Mobiliteit;2023-11-01;Provincie Overijssel;Strategische Mobiliteitsvisie, Mobiliteitsagenda, Fietsmonitor 2022;Steenwijk Centrum / Binnenstad
Bijlage 1 haalbaarheidsstudie herhuisvesting Bibliotheek  - 20240729.pdf;Haalbaarheidsonderzoek Bibliotheek aan de markt;Herhuisvesting Bibliotheek;2024-07-29;Gemeente Steenwijkerland, Bibliotheek, Historische Vereniging, De Galerie, Markt, Onnastraat;Visiedocument 'de tuinen van Steenwijk';Steenwijk Centrum / Binnenstad
Bijlage 1 Hemelwaterscheidingsgebied (Steenwijk).pdf;Kaart Hemelwaterscheidingsgebied (Steenwijk);Hemelwater- en grondwaterverordening;2019-05-14;R. Ligtenberg, Esri Nederland;;
Bijlage 1 Hemelwaterscheidingsgebied - overige kernen.pdf;Kaarten Hemelwater- en grondwaterverordening - overige kernen;Hemelwater- en grondwaterverordening;2019-05-14;Gemeente Steenwijkerland, R. Ligtenberg, Esri Nederland;;Oldemarkt, Kuinre, Ossenzijl, Steenwijkerwold en Witte paarden
Bijlage 1 Locatiestudie onderwijshuisvesting Vollenhove.pdf;Locatiestudie onderwijshuisvesting Vollenhove;Onderwijshuisvesting;2025-01-01;St Martinusschool, Stichting Aves, De Voorpoort, Stichting op Kop, Kindcentrum Het Kompas, Stichting Accrete, Sportvereniging V.E.N.O., De Burght, Belangenvereniging Vollenhove Stad (BVVS), KNVB, RCE;Integraal Huisvestingsplan Onderwijs (IHP) 2023, Motie gemeenteraad gezamenlijke huisvesting omgeving De Burght, Stadsvisie;Vollenhove
Bijlage 1 Onderzoeksrapport toetreding GR CO .pdf;Onderzoeksrapport toetreding GR Collectie Overijssel;Toetreding GR Collectie Overijssel / Historisch Archief;2025-03-31;GR Collectie Overijssel (CO), Historisch Centrum Overijssel (HCO), Henriëtte de Jong (directeur), Roel Lensen (gemeentearchivaris), Brigit Hoomans (Brigit Hoomans Informatie Advies), Marco de Graaf (gemeentesecretaris), Nationaal Archief, Deventer;Afstudeeronderzoek gemeentearchivaris (2016), Adviesrapport Brigit Hoomans (2018), Raadsbesluit voorbereiding toetreding (2018), Raadsinformatie staken toetreding (2021), Begroting 2025 -2028, Projectplan uitvoering onderzoek (januari 2025);
Bijlage 1 overzicht traces.pdf;Overzicht tracés (uitsnede Visiekaart);Infrastructuur;;;;
bijlage 1 Participatieverslag_Inloopbijeenkomst 7 april - Stadsvisie Steenwijk.pdf;Participatieverslag Inloopbijeenkomst stakeholders Stadsvisie Steenwijk;Stadsvisie;2025-04-07;Grote Kerk, A32, Zwolle, ondernemers, maatschappelijke organisaties, welzijnsinstellingen, coöperaties, wijkverenigingen;Stadsvisie Steenwijk;Steenwijk West, Steenwijk Centrum / Binnenstad
bijlage 1 plattegrond Blankenham.pdf;Plattegrond Blankenham;Plattegrond;;;;Blankenham
Bijlage 1 Rekenresultaten aanlegfase.pdf;AERIUS Projectberekening Aanlegfase Leeuwte 47;Stikstof;2023-05-02;BJZ.nu, AERIUS Calculator, Natura 2000, Leeuwte 47;Wet natuurbescherming;Moespot en Leeuwte, Sint Jansklooster
Bijlage 1 Toetsingskader Bultweg 33tm53.pdf;Toetsingskader ruimtelijke kwaliteit Bultweg 33 t/m 53;Ruimtelijke kwaliteit en welstand;;Bultweg 33 t/m 53, College van burgemeester en wethouders, Onafhankelijke adviescommissie, Gemeente Steenwijkerland;Wet algemene bepalingen omgevingsrecht (Wabo) artikel 2.10 lid 1d;De Pol, Baars en de Bult
Bijlage 1 van de toelichting.pdf;Nota van wijzigingen Bestemmingsplan Technische herziening Giethoorn;Bestemmingsplan;2024-04-23;Beulakerweg 23, Beulakerweg 165, Beulakerweg 55, Binnenpad 46, Binnenpad 54, Molenweg 35a, Sportlaan 20, Aerius;Bestemmingsplan Giethoorn (2017), Ontwerpbestemmingsplan Technische Herziening Giethoorn, Memo Stikstofemissie en depositie, Ecologisch Onderzoek;Giethoorn
Bijlage 1 Voorstel voor de kaders voor het Noodfonds Energie.pdf;Voorstel voor de kaders voor het Noodfonds Energie;Noodfonds Energie;;Kamer van Koophandel, Rijk, Provincie;Vitaliteitsfonds, Algemene subsidieverordening;
Bijlage 1- Agenda publieke gezondheid gezond samen leven.pdf;Bestuursagenda Publieke gezondheid 2023 - 2027;Publieke gezondheid;;GGD IJsselland, gemeenten in IJsselland, provincie, veiligheidsregio, zorg- en welzijnsorganisaties, omgevingsdiensten, waterschappen;Beweging vanuit eigen regie (2019-2023), Gezond en actief leven akkoord (GALA), Integraal Zorg Akkoord (IZA), programma Wonen, Ondersteuning en Zorg voor Ouderen (WOZO), Landelijke Gezondheidsnota (2018), Nationaal Preventieakkoord, aanpak mentale gezondheid;
Bijlage 1- Brief aan gemeenteraden toelichting op Programmabegroting 2023 GGD IJsselland (1).pdf;Toelichting op Ontwerp programmabegroting 2023 en meerjarenraming 2024-2026 GGD IJsselland;Zienswijze GR;2022-04-05;GGD IJsselland, Gemeenten regio IJsselland, Veiligheidsregio IJsselland, Rijk, RIVM, 113 Zelfmoordpreventie, drs. A.M. (Rianne) van den Berg (directeur Publieke Gezondheid);Programmabegroting 2023, Jaarstukken 2021, Ontwikkelingenbrief 2023, Financiële uitgangspunten Programmabegroting 2023, Programmabegroting 2022, Regionale programma 'Zelfmoord? Praat erover!';
Bijlage 1. Centrumregeling beschermd wonen en maatschappelijke opvang regio IJssel-Vecht.pdf;Centrumregeling beschermd wonen en maatschappelijke opvang regio IJssel-Vecht;Beschermd wonen en maatschappelijke opvang;;Gemeente Dalfsen, Gemeente Hardenberg, Gemeente Kampen, Gemeente Ommen, Gemeente Staphorst, Gemeente Steenwijkerland, Gemeente Zwartewaterland, Gemeente Zwolle (Centrumgemeente), Vereniging van Nederlandse Gemeenten (VNG), Rijksoverheid;Wet maatschappelijke ondersteuning 2015 (Wmo 2015), Wet gemeenschappelijke regelingen, Algemene wet bestuursrecht, Regiovisie beschermd wonen en maatschappelijke opvang 2022-2032, Norm van Opdrachtgeverschap (NvO);
Bijlage 1. Ecologische quickscan.pdf;QuickScan Flora en Fauna Brink Scheerwolde;Woningbouw;2019-04-08;Ruimte voor Advies, Provincie Overijssel, Brink;;Scheerwolde
Bijlage 1. Staat van bedrijfsactiviteiten.pdf;Staat van bedrijfsactiviteiten (Beheersverordening Buitengebied Steenwijkerland);Beheersverordening Buitengebied;2013-06-18;;Beheersverordening Buitengebied Steenwijkerland, Wet milieubeheer, Inrichtingen- en Vergunningenbesluit (IVB), Besluit externe veiligheid inrichtingen, Vuurwerkbesluit;
bijlage 10 Ruimtescan_Tuk Noord en Midden.pdf;Ruimtescan Woningbouw Tuk Noord en Midden;Woningbouw;2025-06-19;Ruimtewerk, bureau BVR, provincie Overijssel, Lars Haverkort, Michiel van der Meer, Ellis Brinkman, N334, Oldemarktsweg, spoorlijn Steenwijk en Wolvega;Afwegingskader wonen en werken Steenwijk 2040, 2024_RAAD_00068 De toekomst van wonen en werken in Steenwijk, Woonagenda Steenwijkerland 2022- 2026, Actualisatie Woondeal West-Overijssel 2025 t/m eind 2030, Regionale woonzorgvisie 2024-2026 West-Overijssel, Ambitiedocument, spoorzone Steenwijk 2040, stadsvisie van Steenwijk, woningbehoefte onderzoek 2021-2032, Verstedelijkingstrategie regio Zwolle, Omgevingsverordening provincie Overijssel, Overijsselse woonaanpak, Omgevingsvisie Overijssel, Waterschapsverordening, Position paper Water en Bodem sturend, Wet versterking regie volkshuisvesting, Nationale prestatieafspraken 2025-2035;Tuk
Bijlage 10a Memo_Uitkomsten_Veldonderzoek_Bodelaeke.pdf;Memo Aanwezigheid oerlaag Bodelaeke;Bodem en Water;2025-02-20;Arcadis Nederland B.V., Jan-Pieter Willemsen, Kees de Vries, Waterresort Bodelaeke, Praja Planbegeleiding, Gemeente Steenwijkerland, Grondradar B.V., Jonenweg, Cornelisgracht, Polder Giethoorn;Arcadis (2010), Arcadis (2024), Grondradar B.V. (2025);Giethoorn
Bijlage 10b Verkenning kwellengte en kwel door ontgraving Bodelaeke.pdf;Geohydrologische effecten waterpartij Bodelaeke;Geohydrologie en Waterbeheer;2024-11-20;Arcadis Nederland B.V., Jan-Pieter Willemsen, Praja planbegeleiding, Waterresort Bodelaeke, Waterschap Drents Overijsselse Delta, TNO, Deltares, Beulakerpolder, Cornelisgracht, De Wieden;Hydrologisch onderzoek De Wieden Fase 2 (Arcadis, 2022), Ondiepe storende laag Plan 'Bodelaeke' (Arcadis, 2010), Onderzoeksrapport Zandmeevoerende Wellen (Deltares, 2012);Giethoorn
bijlage 11 Ruimtescan_Bedrijventerrein Tuk.pdf;Ruimtescan Bedrijventerrein Tuk;Bedrijventerreinen en Ruimtelijke Ontwikkeling;2025-06-19;Ruimtewerk, Lars Haverkort, Michiel van der Meer, Kelley Zenderink, Ellis Brinkman, Provincie Overijssel, Regio Zwolle, Regio West-Overijssel, STEC Groep, Gemeente Meppel, Bureau BVR, CDA;Afwegingskader wonen en werken Steenwijk 2040, Verstedelijkingstrategie Regio Zwolle, Economische Agenda Steenwijkerland 2024-2026, Transitievisie Warmte, Omgevingsverordening provincie Overijssel, Omgevingsvisie provincie Overijssel, Programmeringsafspraken Bedrijventerreinen Regio West-Overijssel 2023 t/m 2026, Regiodeal Regio Zwolle 2024 – 2027, Waterschapsverordening, Position paper Water en Bodem sturend, Verkenning Ruimtebehoefte bedrijventerreinen, 2022 (STEC Groep), Schriftelijke vragen CDA - Economische prestaties Steenwijkerland (2) - beantwoording 20230516.pdf, Economische koers Steenwijkerland 2024;Tuk, Dolderkanaal
bijlage 12 Ruimtescan Woldmeenthe Noord.pdf;Ruimtescan Woldmeenthe Noord;Ruimtelijke ontwikkeling en woningbouw;2025-10-21;Ruimtewerk, Kelley Zenderink, Lars Haverkort, Steenwijker Aa, A32, NS-station, Natura 2000, NNN (Natuurnetwerk Nederland), Waterschap, Provincie, Rijk, Veiligheidsregio;Afwegingskader Wonen en Werken Steenwijk 2040, Catalogus gebiedskenmerken, Ondernemen met natuur & water, NOVEX;Woldmeenthe, Oostermeenthe, Tuk, Baars en de Bult, Steenwijkerwold en Witte paarden
bijlage 13 Ruimtescan Oostermeenthe-Zuid.pdf;Ruimtescan Oostermeenthe-Zuid;Woningbouw;2025-10-23;Gemeente Steenwijkerland, Kelley Zenderink, Lars Haverkort, Ruimtewerk, Waterschap, Provincie, Rijk, Natura 2000, A32, Intercity-station Steenwijk;Afwegingskader Wonen en Werken Steenwijk 2040, NOVEX;Oostermeenthe, Woldmeenthe, Steenwijk Centrum / Binnenstad
bijlage 14 Aanzet ontwikkelstrategie stadsvisie Steenwijk 4-11-2025.pdf;Ontwikkelstrategie Stadsvisie Steenwijk (1e aanzet);Stadsvisie en Ruimtelijke Ontwikkeling;2025-10-28;Spoorzone, De Kamp, Unilocatie, Zuidveen, Steenwijk Noord, Steenwijk Zuid, A32 corridor, Aa (stroomgebied), Provincie, Het Rijk, Regiogemeenten (Hardenberg, Meppel, Hoogeveen, Raalte, Kampen), Novex programma stationsomgevingen, Voetbalverenigingen Parallelweg, Bewonersvereniging, Steenwijk Vestingstad;Stadsvisie Steenwijk, Ambitiedocument spoorzone, Ruimtescans focusgebieden, Ruimtelijk Economische Bouwsteen 2040, Parapluplan (vastgesteld 5 november 2024), Maatregelenboek Stationsomgeving Steenwijk;Steenwijk Centrum / Binnenstad, Oostermeenthe, Tuk, Woldmeenthe
Bijlage 1_20241119 Plan van aanpak Stichting Woonwens Ossenzijl.pdf;Plan van aanpak Betaalbare tijdelijke huurwoningen Ossenzijl;Woningbouw;2024-11-19;Stichting Woonwens Ossenzijl, Werkgroep wonen Ossenzijl, Plaatselijk Belang Ossenzijl (PBO), Grouwels Vastgoed, Wetland Wonen, G.B. Kooijstraat, Provincie (Programma Leefbaar Platteland), Gemeentelijk woningbedrijf IJsselham;;Ossenzijl
Bijlage 1_BW besluit Tolhekke 2014.pdf;Accountantsverklaring Stichting zwembad 't Tolhekke;Subsidieverantwoording;2014-03-25;Stichting zwembad 't Tolhekke, Stichting Peuterspeelzalen Steenwijkerland, Accountantskantoor Reinders en Snijder, Henk Schuitemaker, Jan Knol, S.S. Weistra, Wethouder Van der Terp;Algemene Subsidieverordening Steenwijkerland (artikel 19 lid 3), Besluit inzake Stichting Peuterspeelzalen Steenwijkerland (januari 2013);
Bijlage 2  Verkennend bodemonderzoek.pdf;Verkennend bodemonderzoek Jan Steenstraat te Steenwijk;Woningbouw;2021-06-24;Woonconcept, Eco Reest BV, Jan Steenstraat, Eurofins Analytico B.V.;;
Bijlage 2 - Akoestisch onderzoek wegverkeerslawaai.pdf;Akoestisch onderzoek wegverkeerslawaai Oldemarktseweg 103, Steenwijkerwold;Woningbouw;2022-04-01;Oldemarktseweg 103, BJZ.nu;;Steenwijkerwold en Witte paarden
Bijlage 2 - Financiele toelichting congres Meenthe.pdf;Financiële toelichting Project congresvoorziening De Meenthe;Herontwikkeling / Congresvoorziening De Meenthe;Onbekend;Stichting de Meenthe, Gemeente Steenwijkerland, Onemeeting, VDW adviseurs, VSCD;Financiële verordening 2018 Steenwijkerland, Taxatierapport (VDW adviseurs), Businesscase (bijlage), Theater analyse systeem & jaarverslagen theaters (2019-2020);
Bijlage 2 - Grondtekening (uitgezoomd).pdf;Grondtekening mogelijke opstelling windturbines Oldemarkt;Windturbines;2023-12-14;S.G. Zwerver, Overlendepad, Kerspelweg, Markerbroekweg, Hagenbroekweg, Ossenzijlerweg, Weerdijk, IJsselhammerweg, Pad Driewegsluis, De Merriemaden, Gapenburg, Breeweersepad, Lindedijk, De Lende, Jonkers- of Helomavaort;;Oldemarkt
Bijlage 2 - tekst voorkeursrechtbeschikking.pdf;Bevestiging voorkeursrecht twaalf percelen ten behoeve van windenergieproject te Oldemarkt;Windenergie;2024-03-26;Gemeente Steenwijkerland, De Lende, Ossenzijlerweg;Grondtekening (bijlage 2), Perceellijst (bijlage 3);Oldemarkt
Bijlage 2 - Toelichting Modelbesl opheffing RSJ en 7e wijz GR GGD.pdf;Toelichting Modelbesluit opheffing GR RSJ en 7e wijziging GR GGD IJsselland;Gemeenschappelijke Regelingen;2025-04-09;GGD IJsselland, Regionaal Serviceteam Jeugd IJsselland (RSJ), Dalfsen, Deventer, Hardenberg, Kampen, Olst-Wijhe, Ommen, Raalte, Staphorst, Steenwijkerland, Zwartewaterland, Zwolle, Gedeputeerde staten van de provincie Overijssel;Notitie ‘Samen robuust’ (versie 9 april 2025), Concept liquidatieplan RSJ, Wet verbetering beschikbaarheid Jeugdzorg, Wet gemeenschappelijke regelingen, Jeugdwet, Wet publieke gezondheid, Aanbestedingswet 2012;
Bijlage 2 - Wijzigingsoverzicht subsidieverordening GI.pdf;Wijzigingsoverzicht subsidieverordening GI's;Jeugdzorg;;College, Gecertificeerde Instellingen (GI's), RSJ IJsselland, Nederlandse Zorg Autoriteit (NZA), Regio Twente;Jeugdwet, Toekomstscenario kind- en gezinsbescherming;
Bijlage 2 - Windladder.pdf;Toelichting bij de Overijsselse windladder;Windenergie;2022-11-01;Provincie Overijssel, Natura 2000, NNN-gebieden;Provinciale Omgevingsvisie 2022, Omgevingsverordening 2022, RESsen 1.0, Catalogus Gebiedskenmerken;
Bijlage 2 bij aanbiedingsbrief Raden en Staten overzicht financiele gevolgen en verdeling deelnemers.pdf;Financiële gevolgen ontwerpbegrotingswijziging 2021 en 2022;Financiën en Begroting;;Algemeen Bestuur, Dagelijks Bestuur (DB), Gemeente Dalfsen, Gemeente Deventer, Gemeente Hardenberg, Gemeente Kampen, Gemeente Olst-Wijhe, Gemeente Ommen, Gemeente Raalte, Gemeente Staphorst, Gemeente Steenwijkerland, Gemeente Zwartewaterland, Gemeente Zwolle, Provincie Overijssel, Omgevingsdienst (OD);Ontwerpbegrotingswijziging 2021 en 2022, Programma Samen Toekomstbestendig, CAO SGO 2021-2022;
Bijlage 2 bij de regels - Nota parkeernormen.pdf;Nota Parkeernormen 2015 gemeente Steenwijkerland;Parkeren;2017-11-21;CROW, Centraal Bureau voor de Statistiek (CBS);Reparatiewet BZK 2014, ASVV 2012, CROW-publicatie 317;Steenwijk Centrum / Binnenstad, Oldemarkt, Onna, Vollenhove
Bijlage 2 bij de regels - Overzicht huis verbonden beroepen (1).pdf;Overzicht aan huis gebonden beroepen en bedrijven;Ruimtelijke ordening;;Kamers van Koophandel;;
Bijlage 2 bij de regels - Overzicht huis verbonden beroepen.pdf;Overzicht aan huis gebonden beroepen en bedrijvigheid;Bestemmingsplan / Aan huis gebonden beroepen;;Kamers van Koophandel;;
Bijlage 2 bij de toelichting - Bodemonderzoek.pdf;Verkennend bodemonderzoek Bouwplan Bergstein te Tuk;Woningbouw;2021-03-15;Bouwplan Bergstein, Woonconcept, Eco Reest BV, Eurofins Analytico B.V., KIWA;;Tuk
Bijlage 2 Financiele.bijlage.pdf;Financiële bijlage scholenbouw en locatieontwikkeling Vollenhove;Onderwijshuisvesting;Onbekend;St Martinusschool, De Voorpoort, Kompas, KDV, Schoolbesturen, V.E.N.O., VVVV, De Burght;Integraal Huisvestingsplan (IHP), PPN 2025-2029;Vollenhove
Bijlage 2 Kaart ligplaatsverbod.pdf;Kaart ligplaatsverbod vaar- en verhuurbedrijven Giethoorn Zuid;Ligplaatsverbod;2020-08-27;S.G. Zwerver, Bovenwijde, Cornelisgracht, Binnenpad, Beulakerweg, Vosjacht;Tekening 13-00-BH0007_1;Giethoorn
BIJLAGE 2 Kostenverhaal Kostensoortenlijst.pdf;Kostensoortenlijst Omgevingsbesluit;Kostenverhaal;2024-01-01;gemeente, provincie, Staat;Omgevingsbesluit, Omgevingswet;
Bijlage 2 Landschappelijke afweging randweg Blokzijl.pdf;Toelichting tracékeuze randweg Blokzijl;Infrastructuur;2025-11-12;Zuiderzee, Noordoostpolder, Vollenhoofsedijk, Kuinderdijk, Noorderdiep, Havenkolk, Kanaalweg, Provinciale weg N333, Vollenhoverkanaal, Polder Blokzijler Uiterdijken, Zuiderzeeweg;Stadsvisie Blokzijl, Bomeneffectanalyse, Eerdere studies/rapportages (financiële verkenning);Blokzijl
Bijlage 2 Meerjarenlanning Fiets 2024-2027.pdf;Investeringsplanning Fietsplan 2023;Fietsinfrastructuur;Onbekend;Provincie Overijssel, Rijk, BOR, SPV;Kernnet Fiets Overijssel, Verstedelijkingsstrategie, GOW 30km, Toekomstbeeld Gieterse Polder;Giethoorn, Oldemarkt, Oostermeenthe, Ossenzijl, Steenwijk Centrum / Binnenstad
Bijlage 2 Meerjarenplanning Fietsplan 2024-2027 incl. prio.pdf;Meerjarenplanning en prioritering Fietsplan 2024-2027;Fietsplan;2024-01-01;A32, Darp, DUV+V, Havelte, Heerenveen, Meppel, N334, Natura 2000, Rottige Meente, SPV, Weerribben, Zwolle;Kernnet Fiets, Knooppuntenroute, Verstedelijkingsstrategie;Giethoorn, Oldemarkt, Oostermeenthe, Ossenzijl, Paddenpoel en Kornputkwartier, Steenwijk Centrum / Binnenstad, Steenwijkerdiep, Vollenhove
bijlage 2 Participatieverslag_Inloopbijeenkomst 6 mei - Stadsvisie Steenwijk.pdf;Participatieverslag Inloopbijeenkomst Stadsvisie Steenwijk (6 mei 2025);Stadsvisie Steenwijk;2025-05-06;De Kamp;;Steenwijk Centrum / Binnenstad, Woldmeenthe
Bijlage 2 Rapport Museum spijkervetstallen - PvE, inpassingsstudie en financiële uitgangspunten - 20240729.pdf;Programma van Eisen en Inpassingsstudie Nieuw Museum Steenwijk in de Spijkervetstallen;Cultuur en Musea;2024-07-29;Stadsmuseum, Hildo Krop museum, Kermis- en Circusmuseum, Historische vereniging Steenwijk e.o., Galerie Steenwijk, Rijksdienst voor het Cultureel Erfgoed (RCE), Draaijer, Spijkervetstallen;Museumvisie ‘Op weg naar een nieuw museum in Steenwijkerland’, Bouwkundige, bouwhistorische en monumentale rapportages Spijkervetstallen en tuin, Technisch Programma van Eisen - vernieuwing museum in de Spijkervetstallen, Ontwerp inpassingsstudie - vernieuwing museum in de Spijkervetstallen, Energieadvies DUMAVA inclusief DUMO - vernieuwing museum in de Spijkervetstallen;Steenwijk Centrum / Binnenstad
Bijlage 2 Rekenresultaten gebruiksfase.pdf;AERIUS Projectberekening gebruiksfase Leeuwte 47;Stikstof;2023-05-02;BJZ.nu, De Wieden, AERIUS Calculator, Natura 2000;;Sint Jansklooster, Moespot en Leeuwte
Bijlage 2 van de regels - Staat van bedrijven.pdf;Bijlage 2: Staat van bedrijfsactiviteiten;Beheersverordening Buitengebied;2013-06-18;;beheersverordening Buitengebied Steenwijkerland, Wet milieubeheer, Inrichtingen- en Vergunningenbesluit (IVB), besluit externe veiligheid inrichtingen, vuurwerkbesluit;
Bijlage 2 van de toelichting - verkennend bodemonderzoek Jan van Nassauweg 12 Giethoorn.pdf;Verkennend bodemonderzoek Jan van Nassauweg 12 Giethoorn;Bestemmingsplanwijziging;2022-04-01;Jan van Nassauweg 12, Melkveebedrijf Batenburg, Rensen Milieu Advies, AvA Milieuonderzoek, Poelsema Veldwerkbureau, Zagros Zuivel;;Giethoorn
Bijlage 2 van de toelichting.pdf;Onderbouwing Beulakerweg 23;Ruimtelijke ontwikkeling;2023-07-25;Beulakerweg 23, Natura 2000;;Giethoorn
Bijlage 2 Voorstel voor de kaders voor het Duurzaamheidsfonds .pdf;Voorstel voor kaders voor Duurzaamheidsfonds;Duurzaamheid;;Kamer van Koophandel, Provincie Overijssel, Ontzorgingsprogramma Maatschappelijk Vastgoed, Sport NL Groen, College;Motie 2022-RAAD-00041 (Samen sterk: Integraal beleid voeren op accommodaties van (sport)verenigingen), ASV (Algemene Subsidieverordening);
Bijlage 2- Programmabegroting 2023 GGD IJsselland.pdf;Programmabegroting 2023 en Meerjarenraming 2024-2026 GGD IJsselland;Programmabegroting GGD;2022-04-01;GGD IJsselland, Gedeputeerde Staten van de provincie, Michiel van Willigen (Voorzitter), Rianne van den Berg (Secretaris);Ontwikkelingenbrief 2023, Bestuursagenda 'Beweging van uit eigen regie';
Bijlage 2- Uitwerking bijeenkomst 18 april 2023.pdf;Uitwerking bijeenkomst gezondheidsbeleid;Gezondheidsbeleid;2023-04-18;GGD IJsselland, woningbouwcoöperaties, huisartsen, GGD, GGZ, sociaal werk;gezondheidsmonitors van de GGD IJsselland;
Bijlage 2. AERIUS-berekeningen.pdf;AERIUS-berekening aanlegfase 11 woningen Scheerwolde;Stikstof;2020-01-21;Gemeente Steenwijkerland;;Scheerwolde
Bijlage 2. Toelichting centrumregeling beschermd wonen en maatschappelijke opvang regio IJssel-Vecht.pdf;Toelichting centrumregeling beschermd wonen en maatschappelijke opvang regio IJssel-Vecht;Beschermd wonen en maatschappelijke opvang;;Regio IJssel-Vecht, Gemeente Zwolle, Zwolse gemeenteraad, Rijk, Bestuurlijk overleg GR;Norm voor Opdrachtgeverschap (NvO), Dienstverleningsovereenkomst, Afspraken uit 2016;
Bijlage 2. Watertoets.pdf;Uitgangspuntennotitie Watertoets Kanaaldijk 5 Giethoorn;Bestemmingsplanwijziging;2021-06-21;Waterschap Drents Overijsselse Delta, Kanaaldijk 5, Provincie Overijssel, Provincie Drenthe;Waterbeheerplan 2016-2021, Beleidsnotitie stedelijk waterbeheer Water Raakt! (2015), Waterwet, Besluit ruimtelijke ordening (artikel 3.1.1);Giethoorn
bijlage 2.1  Ontwerp inpassingsstudie - vernieuwing museum in de Spijkervetstallen.pdf;Schetsontwerp locatie Kalverstraat 11 te Steenwijk;Vernieuwing museum;2024-07-26;Gemeente Steenwijkerland, ar|chitectuur, Arjon Ringerwöle, Kalverstraat 11, Spijkervetstallen;;Steenwijk Centrum / Binnenstad
bijlage 2.2 - Energieadvies DUMAVA inclusief DUMO - vernieuwing museum in de Spijkervetstallen.pdf;Energieadvies Spijkervetstallen;Verduurzaming en DUMAVA-subsidie;2024-05-29;Spijkervetstallen (Kalverstraat 11), Gemeente Steenwijkerland, Exploitatie Partners BV, Dijkoraad, D. Frikken, E.K.R. Rijpstra-Pranger, G. van den Berg, Bas Zomer;DUMO onderzoek Dijkoraad (Bijlage 2);Steenwijk Centrum / Binnenstad
Bijlage 2a - Modelwijzigingsbesluit BenW opheffing GR RSJ en 7e wijziging GR GGD - concept voorjaar 2025.pdf;Modelbesluit B&W opheffing GR RSJ IJsselland en 7e wijziging GR GGD IJsselland;Gemeenschappelijke Regelingen;2025-04-24;GGD IJsselland, RSJ IJsselland, Regionaal Serviceteam Jeugd, Provincie Overijssel, Dalfsen, Deventer, Hardenberg, Kampen, Olst-Wijhe, Ommen, Raalte, Staphorst, Steenwijkerland, Zwartewaterland, Zwolle;voorstel van het dagelijks bestuur van GGD IJsselland en het bestuur van RSJ IJsselland d.d. 24 april 2025, notitie ‘Samen robuust’ - Uitwerking richtinggevend bestuursbesluit tot verkenning fusie RSJ en GGD IJsselland (versie 9 april 2025), concept-liquidatieplan voor het Regionaal Serviceteam Jeugd IJsselland;
Bijlage 2b - Toelichting Modelbesluit opheffing RSJ en 7e wijziging GR GGD tbv besluit en zienswijze voorjaar 20.pdf;Toelichting Modelbesluit opheffing GR RSJ IJsselland en 7e wijziging GR GGD IJsselland;Zienswijze GR;2025-04-09;GGD IJsselland, Regionaal Serviceteam Jeugd IJsselland (RSJ), Provincie Overijssel (Gedeputeerde Staten), Gemeente Dalfsen, Gemeente Deventer, Gemeente Hardenberg, Gemeente Kampen, Gemeente Olst-Wijhe, Gemeente Ommen, Gemeente Raalte, Gemeente Staphorst, Gemeente Zwartewaterland, Gemeente Zwolle;Notitie 'Samen robuust' - Uitwerking richtinggevend bestuursbesluit tot verkenning fusie RSJ en GGD IJsselland (versie 9 april 2025), Concept liquidatieplan RSJ, Wet verbetering beschikbaarheid Jeugdzorg, Wet gemeenschappelijke regelingen, Wet publieke gezondheid, Jeugdwet, Aanbestedingswet 2012;
Bijlage 2cGGD - concept GR GGD IJsselland (met 7e wijziging).pdf;Concept Gemeenschappelijke Regeling GGD IJsselland;Zienswijze GR;2025-04-09;GGD IJsselland, Dalfsen, Deventer, Hardenberg, Kampen, Olst-Wijhe, Ommen, Raalte, Staphorst, Steenwijkerland, Zwartewaterland, Zwolle, Provincie Overijssel, RSJ Regionaal serviceteam jeugd;Wet gemeenschappelijke regelingen, Aanbestedingswet 2012, Algemene wet bestuursrecht, Jeugdwet, Wet Publieke Gezondheid, Wet Kinderopvang, Wet op de lijkbezorging, Gemeentewet;
Bijlage 2cRSJ - Liquidatieplan RSJ.pdf;Liquidatieplan RSJ IJsselland;Opheffing en liquidatie GR RSJ IJsselland;2025-04-04;GGD IJsselland, Regionaal Serviceteam Jeugd (RSJ) IJsselland, Michiel van Willigen, Dalfsen, Deventer, Hardenberg, Kampen, Olst-Wijhe, Ommen, Raalte, Staphorst, Zwartewaterland, Zwolle;7e wijziging GR GGD IJsselland, Collegevoorstel tot opheffing van de gemeenschappelijke regeling Bedrijfsvoeringsorganisatie Regionaal Serviceteam Jeugd IJsselland, Document 'Samen robuust', Gemeenschappelijke regeling RSJ IJsselland (artikel 26), Regiovisie, Hervormingsagenda jeugd;
Bijlage 2_Staturen__oorspronkelijk_WoonWens (geanonimiseerd).pdf;Oprichting en statuten Stichting WoonWens Ossenzijl;Sociale woningbouw;2024-05-02;Stichting WoonWens Ossenzijl, Em Marjan Klazien Kroek (notaris);;Ossenzijl
Bijlage 3  Activiteitenplan sloop.pdf;Activiteitenplan sloop complex 389.02, Steenwijk;Sloop en Woningbouw;2021-05-18;Woonconcept, Ecogroen bv, Rijksdienst voor Ondernemend Nederland, Zwolle;Wet natuurbescherming, Habitatrichtlijn, Flora- en Faunawet;
Bijlage 3 - Bodemonderzoek.pdf;Verkennend bodemonderzoek Oldemarktseweg 103 te Steenwijkerwold;Woningbouw;2022-05-31;Oldemarktseweg 103, BJZ.nu, Dumea Milieu, Terra Agribusiness, Normec;Vergunning Wet Milieubeheer 1997, Oprichtingsvergunning 1982, Aanvraag Wet Milieubeheer 2001;Steenwijkerwold en Witte paarden
Bijlage 3 - Brief aan colleges en raden toezending wijziging GR GGD en opheffing RSJ voor zienswijze april 2025.pdf;Onderbrengen RSJ IJsselland bij GGD IJsselland;Zienswijze GR;2025-04-24;GGD IJsselland, RSJ IJsselland, M.W.J. van Willigen, A. Schulting, G. Pruim;Notitie 'Samen robuust', Concept modelbesluit colleges tot opheffing van de GR RSJ IJsselland en de zevende wijziging van de Gemeenschappelijke regeling GGD IJsselland, Concept toelichting op het modelbesluit, Concept-versie aangepaste gemeenschappelijke regeling GGD IJsselland, Concept-liquidatieplan van RSJ IJsselland d.d. 4 april 2025, Wet elektronische publicaties (Wep);
Bijlage 3 - concept GR GGD IJsselland (met 7e wijziging) juli 2025.pdf;Concept Gemeenschappelijke Regeling GGD IJsselland (met 7e wijziging);Gemeenschappelijke Regelingen;2025-07-10;GGD IJsselland, RSJ, Dalfsen, Deventer, Hardenberg, Kampen, Olst-Wijhe, Ommen, Raalte, Staphorst, Zwartewaterland, Zwolle, Provincie Overijssel;;
Bijlage 3 - Grondtekening.pdf;Grondtekening percelen Oldemarkt e.o. inzake mogelijke opstelling windturbines;Windenergie;2023-12-14;S.G. Zwerver, Ossenzijlerweg, Markerbroekweg, Gapenburg, IJsselhammerweg, Overlendepad, Kerspelweg, Hagenbroekweg, Weerdijk, De Lende;;Oldemarkt
Bijlage 3 - Indiener 1 en 3 (1).pdf;Zienswijzen Indiener 1 en 3 inzake windmolens;Windenergie;;Indiener 1, Indiener 3;;
Bijlage 3 - Perceellijst.pdf;Perceellijst bij beslissing op bezwaar voorkeursrechtbeschikking;Voorkeursrechtbeschikking;2024-07-17;Gemeente Steenwijkerland, Bezwaarschriftencommissie, Martin Hageman, Bert Hageman, Coöperatieve Rabobank U.A., Aleida Christina Maria van den Hengel, Harm Thomas, De Diaconie Der Hervormde Gemeente Te Oldemarkt-Paasloo, De Kerkvoogdij Der Hervormde Gemeente Te Oldemarkt-Paasloo, Jacob van Veen, Willem van Veen, Frederik Martijn de Haan, Mattheus Bernardus Andreas ter Schure, Rob Bats, Annet ten Hoff;bijlage 5 - raadsbesluit voorkeursrecht 2024-RAAD-00010, bijlage 1 (grondtekening), bijlage 2 (grondtekening);Ijsselham, Oldemarkt, Paasloo en de Basse
Bijlage 3 - Publieksjaarverslag 2024.pdf;Publieksjaarverslag 2024 GGD IJsselland;Gezondheid en Zorg;2024-12-31;GGD IJsselland, Astrid Schulting, Michiel van Willigen, Proscoop, Ingrid van der Veen, Henk Bloten, 113 zelfmoordpreventie, Rob de Geest, Marleen Engelbarts, Gemeente Deventer, Go Ahead Eagles, De Stentor;Integraal Zorgakkoord (IZA), Gezond en Actief Leven Akkoord (GALA);
Bijlage 3 - Vergelijking 8 scenarios museumproject.pdf;Overzicht scenario's Museum Steenwijk;Museumproject;2022-09-01;Blueyard, Dijkoraad, Hildo Krop Museum, Historische Vereniging, Rams Woerthe, Spijkervetstallen, Stadsmuseum, VVV, Nationaal Park Weerribben Wieden;Masterplan nieuw museum (december 2021), Haalbaarheidsonderzoek, Ontwikkeling Stationsgebied, Visie impuls ontwikkeling deelgebied Binnenstad, Verstedelijkingsstrategie Steenwijk;Steenwijk Centrum / Binnenstad
Bijlage 3 Algemene uitgangspunten voor vertaling van de kaders naar een regeling.pdf;Uitgangspunten regeling Noodfonds en Duurzaamheidsfonds;Subsidies;;Maatschappelijke organisaties, Gemeenteraad, College van burgemeester en wethouders;Algemene subsidieverordening (ASV) gemeente Steenwijkerland 2018, Wet Markt en Overheid;
Bijlage 3 bij de toelichting - Ecologisch onderzoek.pdf;Quickscan Wet natuurbescherming nieuwbouw De Erfgenamen te Tuk;Woningbouw;2021-03-15;Woonconcept, Eco Reest BV, Provincie Overijssel, De Erfgenamen, Wethouder Zeefatstraat, Wethouder Slootstraat;;Tuk
Bijlage 3 Ligplaatsenkaart.pdf;Ligplaatsenkaart Woonschepenverordening Steenwijkerland;Woonschepen en Ligplaatsen;2008-12-11;D. Tromp, Banningh;Woonschepenverordening Steenwijkerland 2009;Kalenberg, Wanneperveen, Giethoorn, Blokzijl, Wetering, Groot Verlaat
bijlage 3 nota beantwoording zienswijzen deel1 algemeen definitief.pdf;Nota beantwoording zienswijzen Stadsvisie Steenwijk;Stadsontwikkeling en Woningbouw (Zienswijzen Stadsvisie);2025-10-01;College van B&W, Gemeenteraad, Regio Zwolle, Stedelijk Netwerk Nederland, Bureau Goudappel, Waterschap, Provincie, De Kamp, Spoorzone;Stadsvisie Steenwijk “Stad en Landschap dichtbij”, Afwegingskader wonen en werken, Woonagenda, Verstedelijkingsstrategie Regio Zwolle, Woningmarktonderzoek Steenwijkerland, Achtergrondrapport mobiliteit Stadsvisie Steenwijk, Ambitiedocument spoorzone;Steenwijk Centrum / Binnenstad, Woldmeenthe, Eeserwold, Tuk, Oostermeenthe
BIJLAGE 3 Overzicht kostenverhaal in de Omgevingswet.pdf;Overzicht kostenverhaal in de Omgevingswet;Omgevingswet;;;;
Bijlage 3 Rapport Gemeentearchivaris over mogelijke toetreding GR Collectie Overijssel.pdf;Rapport Gemeentearchivaris over toetreding GR Collectie Overijssel;Toetreding GR Collectie Overijssel;2025-03-13;Collectie Overijssel, Kermis- en Circusmuseum (KCM), Deventer, Zwolle, Roel Lensen (Gemeentearchivaris);Archiefwet 1995, Wet open overheid (WOO);Vollenhove, Blokzijl
Bijlage 3 Reactienota Fietsplan 20230330.pdf;Reactienota concept Fietsplan;Fietsplan / Mobiliteit;2023-03-30;Inwonerspanel Steenwijkerland, PBKH (Plaatselijk Belang Kalenberg-Hoogeweg), BVVS, V.E.N.O., Fietsersbond, VVN Steenwijkerland, Provincie Overijssel, Rijk, CROW, Otterskooi, Oude Kerkweg, Jonenweg, Truilpad, Hoogeweg, Meentheweg, Kalenbergerpad, Weerribben-Rottige Meente, Driewegsluis, Meenthebrug, Overlendepad, N761, Paardenmarkt, Gedempte Diep, Neerwoldstraat, Goeman Borgesiusstraat, Tukseweg, Noordwal, Bentepad, Vollenhoofsedijk, Oude Zuiderzeedijk, Weg van Twee Nijenhuizen;Kernnet Fiets Overijssel, Strategisch Plan Verkeersveiligheid 2030, Beleidsplan Openbare Verlichting, Fietsmonitor 2022, Rapport van de verkeerspsycholoog (Steenwijkerdiep), Strategische mobiliteitsvisie;Jonen en Dwarsgracht, Kalenberg, Giethoorn, Belt-Schutsloot, Oldemarkt, Ossenzijl, Steenwijk Centrum / Binnenstad, Steenwijkerdiep, Vollenhove, Tuk, Steenwijkerwold en Witte paarden, Blokzijl, Kuinre
Bijlage 3 Reactienota Fietsplan.pdf;Reactienota Fietsplan;Verkeer en Vervoer;Onbekend;Inwonerspanel Steenwijkerland, PBKH, BVVS, V.E.N.O., Fietsersbond, VVN Steenwijkerland, Provincie, Rijk, Otterskooi, Oude Kerkweg, Jonenweg, Truilpad, Hoogeweg, Meentheweg, Kalenbergerpad, Natuurverbinding Weerribben-Rottige Meente, Driewegsluis, Meenthebrug (Lange pad), Overlendepad, N761, Steenwijk Noord, Paardenmarkt, Neerwoldstraat, Goeman Borgesiusstraat, Tukseweg, Noordwal, Bentepad, Thij, Oude Zuiderzeedijk, Weg van Twee Nijenhuizen, Vollenhoofsedijk;Concept Fietsplan, Inrichtingseisen fietsvoorzieningen Kernnet Fiets Overijssel, Strategisch Plan Verkeersveiligheid 2030, Fietsmonitor 2022, Beleidsplan Openbare Verlichting, Rapport van de verkeerspsycholoog over het Steenwijkerdiep, Strategische mobiliteitsvisie, Landelijke ontwerprichtlijnen van het CROW;Jonen en Dwarsgracht, Kalenberg, Giethoorn, Belt-Schutsloot, Oldemarkt, Ossenzijl, Steenwijk Centrum / Binnenstad, Steenwijkerdiep, Vollenhove, Tuk, Steenwijkerwold en Witte paarden, Blokzijl, Kuinre
Bijlage 3 Rekenresultaten bestaande N-emissie veroorzakende activiteiten.pdf;AERIUS Projectberekening N-emissie Leeuwte 47, Sint Jansklooster;Stikstof;2023-05-02;BJZ.nu, AERIUS, Natura 2000, De Wieden;;Sint Jansklooster, Moespot en Leeuwte
Bijlage 3 TOE Update Aerius januari 2023.pdf;Memo Aeriuscalculatie Dwarssloot Oost 6, Zuidveen;Stikstof;2023-01-17;Dwarssloot Oost 6, Zuidveen, Bureau Biota, G. Milder-Mulderij, mw. Sollie-van 't Hag, Zuidema Omgevingsrecht, Provincie Overijssel;Wet Stikstofreductie en Natuurverbetering, Wet natuurbescherming, Toekomstbestendig parkeren (CROW, 2018), Checklist aanvraagvereisten vergunningaanvragen stikstof van de Provincie Gelderland;
Bijlage 3 van de toelichting - ecologische quickscan.pdf;Ecologische quickscan uitbreiding melkveehouderij Jan van Nassauweg 12 Giethoorn;Verduurzaming melkveehouderij;2022-02-25;Rensen Milieu Advies VOF, F. Rensen, Florauna Natuuradvies, Nicole Schuurmans, Jan van Nassauweg 12, Gemeente Steenwijkerland;Beheersverordening Buitengebied Steenwijkerland 2014;Giethoorn
Bijlage 3 van de toelichting.pdf;Onderbouwing Beulakerweg 165;Ruimtelijke ordening;2023-07-25;Beulakerweg 165;Watertoets Beulakerweg 165;Giethoorn
Bijlage 3- Brief zienswijze op programmabegroting 2023 en meerjarenraming 2024-2026 GGD IJsselland.pdf;Zienswijze ontwerp programmabegroting 2023 en meerjarenraming 2024-2026 GGD IJsselland;Zienswijze GR;2022-05-01;GGD IJsselland, Algemeen bestuur GGD IJsselland, Rijk, Colinde Heijink, Annet ten Hoff, Rob Bats;Brief 5 april 2022 (ontwerp programmabegroting), Ontwerp programmabegroting 2023 en meerjarenraming 2024-2026 GGD IJsselland, Landelijke coalitieakkoord 2021-2025 'Omzien naar elkaar, vooruitkijken naar de toekomst';
Bijlage 3- Uitwerking bijeenkomst 10 mei 2023.pdf;Uitwerking bijeenkomst gezondheidsbeleid Steenwijkerland;Gezondheidsbeleid;2023-05-10;Wethouder Trijn Jongman, De Meenthe, Stichting Regenboog Steenwijkerland, Tactus Verslavingszorg, Samen met Ana, Denktank 60+ Noord, Raad van Ouderen, GGD IJsselland, Sportservice Zwolle, Onwijs Vitaal leefstijl & Vitaliteit Coaching, Huisartsenpraktijk De Allee, Sociaal Werk de Kop, NoordWest Groep, RIBW Overijssel, Belangenvereniging Vollenhove Stad, Fysiotherapie de Bruijn, Irene’s coachpraktijk, De Kindervilla, Stichting Suïcidepreventie, Vrijwilligers Informatie Punt, Fysiotherapie Steenwijk, Vizier, Gezondheidscentrum de Allee, Stichting Jy, Adviesraad Sociaal Domein;Gezondheidsmonitor volwassenen en ouderen GGD IJsselland, Jongerenmonitor GGD IJsselland, Kindermonitor GGD IJsselland, Woningmarktonderzoek Steenwijkerland (2021-2031-2041), Peiling veiligheid (2022) van het inwonerspanel Steenwijkerland;
Bijlage 3. Erfinrichtingsplan.pdf;Erfinrichtingsplan agrarisch bedrijf aan de Kanaaldijk;Erfinrichting;;Kanaaldijk, Agrarisch bedrijf;;
Bijlage 3. Verkennend bodemonderzoek.pdf;Verkennend bodemonderzoek Brink 26 Scheerwolde;Woningbouw;2019-05-03;Grondslag BV, KIWA, Omgevingsdienst IJsselland, Provincie Overijssel, Gemeente IJsselham, Brink 20, Brink 22, Brink 24, Brink 26;;Scheerwolde
Bijlage 3a Rapportage Verkeersonderzoek zuidelijke ontsluiting Blokzijl samengevoegd.pdf;Verkeersonderzoek Zuidelijke ontsluiting Blokzijl;Verkeer en Infrastructuur;2025-11-12;Goudappel BV, Gemeente Steenwijkerland, Marknesserweg, Kanaalweg;Stadsvisie Blokzijl (concept), oktober 2024;Blokzijl
Bijlage 3b Ontwerpnota zuidelijke ligging ontsluitingsweg Blokzijl (1).pdf;Aanvullende nota zuidelijke ligging ontsluitingsweg Blokzijl;Infrastructuur en Verkeer;2025-11-12;Goudappel BV, Rico Andriesse, Zuiderzeeweg, Kanaalweg, Vollenhoofsedijk;Verkeersonderzoek Zuidelijke Ontsluiting Blokzijl, Bomen-effectanalyse (BEA), 022165.20251 104.T01.01.0 3-schetsvoorstel.pdf, Stadsvisie;Blokzijl
Bijlage 3c Ontwerpschets Goudappel.pdf;Schetsvoorstel zuidelijke rondweg Blokzijl;Infrastructuur;2025-11-12;Goudappel, Remon Siegel, Gemeente Steenwijkerland, Kanaalweg, Zuiderzeeweg, Vollenhoofsedijk, Scheepsdiep;;Blokzijl
Bijlage 3_uitnodiging en verslag inloopavond omwonenden.pdf;Uitnodiging en verslag inloopavond starters chalets Ossenzijl;Woningbouw;2024-05-22;Werkgroep Wonen, Plaatselijk Belang Ossenzijl, Dorpshuis de Slinger, Gemeente Steenwijkerland, Iris Nauta, Henny van Rij, Bas Broekhuizen, Jacob Plat, Jarno Rotink, Monique Rotink, Bertha Veenstra, Stichting WoonWens Ossenzijl, SBB, G.B. Kooijstraat, De Korten, Burg. van der Veenweg;Tijdelijk woonbesluit;Ossenzijl
Bijlage 4  Stikstofberekeningen.pdf;Adviesrapport Stikstofberekening verkaveling Jan Steenstraat, Steenwijk;Stikstof;2021-09-14;Woonconcept, Ecogroen bv, Jan Steenstraat, Natura 2000-gebied De Wieden, Natura 2000-gebied Weerribben, Natura 2000-gebied Holtingerveld, A. Gerritsma, A. Alberts, B. Reijner;;
Bijlage 4 - concept Lquidatieplan RSJ.pdf;Concept Liquidatieplan RSJ IJsselland;Opheffing Gemeenschappelijke Regeling;2025-04-09;RSJ IJsselland, GGD IJsselland, Michiel van Willigen, Gemeente Dalfsen, Gemeente Deventer, Gemeente Hardenberg, Gemeente Kampen, Gemeente Olst-Wijhe, Gemeente Ommen, Gemeente Raalte, Gemeente Staphorst, Gemeente Steenwijkerland, Gemeente Zwartewaterland, Gemeente Zwolle;Samen robuust, 7e wijziging GR GGD IJsselland, gemeenschappelijke regeling Bedrijfsvoeringsorganisatie Regionaal Serviceteam Jeugd IJsselland;
Bijlage 4 - Infoplaat_museumplan_DEFnw.pdf;Infoplaat Museumplan Kunst- en Erfgoedhuis;Museumplan;;Stadsmuseum Steenwijk, Hildo Krop Museum, Kermis- en Circusmuseum, Historische vereniging Steenwijk, Galerie Steenwijk;;
Bijlage 4 - Kerngegevens_2024_Steenwijkerland.pdf;Kerngegevens GGD IJsselland 2024 gemeente Steenwijkerland;Volksgezondheid en Zorg;2025-02-01;GGD IJsselland, Icebear, Regio IJsselland, Regio Oost;Begrotingen GGD IJsselland, Productenboek GGD IJsselland, WOO-verzoek Icebear, Voorstel GGD werkwijze bodemverontreinigingen PFAS, Handreiking arseen in bodem, GALA, IZA;
Bijlage 4 - Perceellijst.pdf;Perceellijst bij voorkeursrechtbeschikking;Vestiging voorkeursrecht;2024-01-08;College van burgemeester en wethouders, Kadaster, Coöperatieve Rabobank U.A., De Diaconie Der Hervormde Gemeente Te Oldemarkt-Paasloo, De Kerkvoogdij Der Hervormde Gemeente Te Oldemarkt-Paasloo, Gemeente Steenwijkerland, Marco de Graaf (gemeentesecretaris), Rob Bats (burgemeester);Voorkeursrechtbeschikking (besluit), Bijlage 1 (besluit), Bijlage 2 (grondtekening);Ijsselham, Oldemarkt, Paasloo en de Basse
Bijlage 4 - Quickscan natuurwaarden.pdf;Natuurtoets Oldemarktseweg 103, Steenwijkerwold;Woningbouw;2022-04-27;BJZ.nu, M. ten Klooster, S. van Staa, T. Dalderup, Oldemarktseweg 103;;Steenwijkerwold en Witte paarden
Bijlage 4 - Raadsbesluit 2024-RAAD-00010 inclusief bijlagen.pdf;Vestiging voorkeursrecht op 12 percelen in Oldemarkt;Voorkeursrecht;2024-03-26;College van burgemeester en wethouders, Kadaster, De Lende, Ossenzijlerweg;Voorstel van burgemeester en wethouders 2023-RAAD-00010 (06-02-2024), Collegebesluit voorkeursrechtbeschikking (09-01-2024);Oldemarkt
Bijlage 4 - Zienswijze indiener 2.pdf;Zienswijze voorkeursrecht voor windmolens;Windenergie;2024-02-29;Natura 2000, Energie coöperatie EN, Gemeenteraad Steenwijkerland;;Oldemarkt, Ossenzijl
Bijlage 4 bij de toelichting - Inrichtingstekening.pdf;Inrichtingstekening Wethouder Slootstraat / De Erfgenamen, Bergstein;Ruimtelijke inrichting;2022-12-16;Woonconcept, Roelofsgroep, Wethouder Slootstraat, De Erfgenamen, Bergstein, Wethouder Zeefatstraat, De Heerlijkheid, Tukseweg, Weldadigheid;;
BIJLAGE 4 Financiele bijdragen tbv gebiedsontwikkeling.pdf;Uittreksel Omgevingswet: Financiële bijdragen gebiedsontwikkeling;Gebiedsontwikkeling;2024-01-01;College van burgemeester en wethouders, Gedeputeerde staten, Minister van Binnenlandse Zaken en Koninkrijksrelaties;Omgevingswet;
bijlage 4 Nota beantwoording zienswijzen deel 2 zienswijzen en reacties gebundeld definitief .pdf;Nota van beantwoording zienswijzen deel 2;Zienswijzen Stadsvisie Steenwijk;Onbekend;CBS, Planbureau voor de Leefomgeving, Provincie Overijssel, Rijkswaterstaat, Waterschap, Theater De Meenthe, Poppodium De Buze, Bewonersvereniging binnen de Veste, Ondernemersvereniging Steenwijk Vestingstad, Bedrijventerrein Hooidijk, Bedrijventerrein Dolderweg, Station Steenwijk, Steenwijker Aa, Kanaal Beukers-Steenwijk;Stadsvisie, Ambitiedocument Spoorzone (2024), Woningmarkt-onderzoek (2025), Uitvoeringsagenda binnenstad Steenwijk, Lokale Inclusie agenda, VN verdrag Handicap, Wet Participatie Decentrale Overheden, Verstedelijkingsstrategie;Steenwijk Centrum / Binnenstad, Woldmeenthe, Oostermeenthe, Steenwijkerdiep, Ossenzijl
Bijlage 4 Onderzoeksrapport 2016 .pdf;Onderzoeksrapport Scenario's voor de toekomst van het gemeentearchief Steenwijkerland;Gemeentearchief;2016-03-01;Roel Lensen, Gemeentearchief Steenwijkerland, Nationaal archief, HCO;Archiefwet 1995, Wet Revitalisering Generiek Toezicht, Evaluatie raadsbesluit;
Bijlage 4 Rekenresultaten verschilberekening toekomstige gebruiksfase referentiesituatie.pdf;AERIUS Projectberekening verschilberekening Leeuwte 47;Stikstof;2023-05-02;BJZ.nu, De Wieden, Natura 2000;;Sint Jansklooster, Moespot en Leeuwte
Bijlage 4 richtlijnen monumentencommissie inclusief wijziging PV-panelen 2023 def.pdf;Richtlijnen/aandachtspunten welstands- en monumentencommissie versie 2023;Welstand en Monumentenzorg;2023-01-01;Welstands- en monumentencommissie, Gemeente, College van burgemeester en wethouders;;
Bijlage 4 Te slopen bebouwing en saneringsopgave.pdf;Te slopen bebouwing en saneringsopgave;Sloop en sanering;;;;
Bijlage 4- Addendum begroting GGD IJsselland 2023.pdf;Addendum begroting GGD IJsselland 2023;Begroting GGD IJsselland;2022-04-15;GGD IJsselland, Algemeen bestuur GGD, Dalfsen, Deventer, Hardenberg, Kampen, Olst-Wijhe, Ommen, Raalte, Staphorst, Zwartewaterland, Zwolle;Programma begroting 2023, Masterplan JGZ – Ontschotten financiering Jeugdgezondheidszorg, Begroting 2021, Begroting 2022;
Bijlage 4. Omvang recreatie activiteiten.pdf;Omvang recreatie activiteiten Hoeve Montigny;Recreatie;;Hoeve Montigny, Kanaaldijk 5;;Giethoorn
Bijlage 4a van de toelichting - Aerius gebruiksfase.pdf;AERIUS Projectberekening Melkveebedrijf Batenburg;Stikstof;2023-01-27;P.J. Aalberts, J.H. Bransma, Melkveebedrijf Batenburg, Jan van Nassauweg 12, De Wieden;;Giethoorn
Bijlage 4b van de toelichting - Aerius aanlegfase.pdf;Projectberekening AERIUS aanlegfase Jan van Nassauweg 12;Stikstof;2023-01-27;Melkveebedrijf Batenburg, Jan van Nassauweg, Natura 2000;;Giethoorn
Bijlage 5 - Aerius-berekening gebruiksfase.pdf;AERIUS-berekening gebruiksfase nieuwbouw woningen Oldemarktseweg 103;Stikstof;2022-11-10;M. ten Klooster, Oldemarktseweg 103, Natura 2000;;Steenwijkerwold en Witte paarden
Bijlage 5 - brief zienswijze raad Olst-Wijhe zienswijze taken RSJ naar de GGD.pdf;Zienswijze raad Olst-Wijhe over overheveling taken RSJ naar de GGD;Zienswijze GR;2025-06-23;Gemeente Olst-Wijhe, GGD IJsselland, RSJ IJsselland, Klaas-Jan Ritzema, Wethouder Compagner, Sietske Poepjes;Brief besturen GGD en RSJ (30 april), Vergadering Algemeen Bestuur (24 april), Raadsvergadering Olst-Wijhe (23 juni 2025);
Bijlage 5 - persbericht - College komt met aangescherpt Masterplan voor nieuw museum.pdf;College komt met aangescherpt Masterplan voor nieuw museum;Nieuw museum;2023-02-21;Wethouder Trijn Jongman, Spijkervetstallen, Stadsmuseum Steenwijk, Kermis- en Circusmuseum, Hildo Krop Museum, Historische Vereniging Steenwijk e.o., Galerie Steenwijk, Gasthuisstraat, Markt, Onnastraat, Kalverstraat, museumwerkgroep;Masterplan 'Op weg naar een nieuw museum in Steenwijkerland' (december 2021);Steenwijk Centrum / Binnenstad
Bijlage 5 - Programmabegroting 2026 GGD IJsselland.begeleidende brief gemeenteraden def.pdf;Begeleidende brief ontwerp-programmabegroting 2026 en meerjarenraming 2027-2029 GGD IJsselland;Zienswijze GR;2025-04-09;GGD IJsselland, Dagelijks bestuur GGD IJsselland, Algemeen bestuur GGD IJsselland, J. Homburg, Astrid Schulting, Rijk, Politie;Kaderbrief bij begroting 2026, Programmabegroting 2025, Jaarstukken 2024, Bestuursrapportage voorjaar 2025, Kadernota 2026;
Bijlage 5 - Windladder.pdf;Toelichting bij de Overijsselse windladder;Windenergie;2022-11-01;Provincie Overijssel, Natura 2000, NNN;Provinciale Omgevingsvisie 2022, Omgevingsverordening 2022, RESsen 1.0, Catalogus Gebiedskenmerken;
Bijlage 5 - Zienswijze indiener 4.pdf;Zienswijze tegen vestiging voorkeursrecht perceel IJsselham;Vestiging voorkeursrecht;2024-02-23;Benthem Gratama advocaten, Melkveebedrijf BEM, College van Burgemeester en Wethouders Steenwijkerland, Provincie Overijssel;Ontwerp raadsvoorstel d.d. 9 januari 2024, Besluit van het College d.d. 9 januari 2024, Brief gemeente d.d. 17 januari 2024, Bezwaarschrift tegen besluit College d.d. 9 januari 2024;Ijsselham
Bijlage 5 Boom effect analyse Zuiderzeeweg.pdf;Boom effect analyse (BEA) Zuiderzeeweg;Rondweg Blokzijl / Behoud en kap van bomen;2025-06-06;BOR cluster groen, circulariteit en biodiversiteit, C. Teurlinckx, A. ten Veen;Inspectie tekening (Bijlage 1), Advies m.b.t. bomen en groensingel Zuiderzeeweg van 15 januari (Bijlage 2);Blokzijl
bijlage 5 nota van wijziging Stadsvisie Steenwijk versie 28-10-2025.pdf;Nota van wijzigingen Stadsvisie Steenwijk;Stadsvisie;2025-10-28;CBS, Planbureau voor de Leefomgeving, Woldberg, Havelterberg, Wieden, Weerribben, Johan van den Kornput, Prins Maurits, Johan van den Kornputkazerne, Johannes Postkazerne, A32, Zuidveen, Rivier de Aa;Stadsvisie, woningmarktonderzoek (2025);Dolderkanaal, Eeserwold, Giethoorn, Groot Verlaat, Oostermeenthe, Paddenpoel en Kornputkwartier, Steenwijkerdiep, Tuk, Woldmeenthe
Bijlage 5 Onderzoeksrapport 2018 .pdf;Onderzoek en Advies Toekomst Gemeentearchief Steenwijkerland;Toekomst Gemeentearchief;2018-02-27;Brigit Hoomans, Historisch Centrum Overijssel (HCO), Gemeente Meppel, Gemeente Westerveld, Gemeente Zwolle, Gemeente Deventer, Het Rijk;Begroting gemeentearchief 2017;
BIJLAGE 5 Stappenplan voor een openbare selectieprocedure.pdf;Stappenplan voor een openbare selectieprocedure;Openbare selectieprocedure onroerende zaken;;Gemeente, College, Civiele rechter;;
Bijlage 5 van de toelichting - watertoets.pdf;Uitgangspuntennotitie Watertoets Jan van Nassauweg 12 te Giethoorn;Watertoets / Bedrijfsontwikkeling;;Batenburg, Waterschap Drents Overijsselse Delta, Provincie Overijssel, Provincie Drenthe;Waterbeheerplan 2016-2021, Beleidsnotitie stedelijk waterbeheer Water Raakt! (2015), Keur, Nationaal Bestuursakkoord Water (NBW), Stowa rapport 2015-10, Waterwet;Giethoorn
Bijlage 5- Weergave van wat we al doen in Steenwijkerland rondom de prioriteiten.pdf;Weergave van wat we al doen in Steenwijkerland rondom de prioriteiten;Gezondheid en Preventie;;Samen voor Ryan, Stichting Suïcidepreventie, Sjors Sportief en Creatief, Max Vitaal, Sam&Overijssel, Volwassenenfonds, Sociaal Werk De Kop, Tactus verslavingszorg, Het Alternatief (HALT), NIX 18;;
Bijlage 5. AERIUS verschilberekening.pdf;AERIUS verschilberekening Hoeve Montigny Kanaaldijk 5;Stikstof;2022-03-28;De Omgevingsadviseurs, Hoeve Montigny, Kanaaldijk 5, Dwingelderveld;;Giethoorn
Bijlage 5. Verslag informatieavond.pdf;Verslag informatieavond woningbouw Scheerwolde;Woningbouw;2019-01-17;Wetland Wonen Groep, Plaatselijk Belang Scheerwolde, Plaatselijk Belang Blankenham, Wethouder Scheringa, De heer Vaartjes, De heer Wittingen, De heer Bron, De Brink;;Scheerwolde, Blankenham
Bijlage 6 - Aerius-berekening aanlegfase.pdf;AERIUS-berekening aanlegfase Oldemarktseweg 103;Stikstof;2022-11-10;M. ten Klooster, Oldemarktseweg 103, Natura 2000;;Steenwijkerwold en Witte paarden
Bijlage 6 - Masterplan museum Steenwijk  Steenwijkerland.pdf;Masterplan op weg naar een nieuw museum in Steenwijkerland;Cultuur en Musea;2021-09-01;Studio Louter, OPERA Amsterdam, Hienke Alberts (Kwartiermaker Museumproject), Museumwerkgroep, Stadsmuseum Steenwijk, Hildo Krop Museum, Historische Vereniging Steenwijk en omgeving, Kermis- en Circusmuseum, Bureau de Wierde, Stichting Weerribben-Wieden, Markt, Spijkervetstallen, Villa Rams Woerthe, Hildo Krop;Haalbaarheidsonderzoek Bureau de Wierde (januari 2020), Programma Duurzaam Beleefbaar Toerisme, Uitvoeringsprogramma Binnenstad Steenwijk, Uitvoeringsprogramma Stationsgebied Steenwijk;Steenwijk Centrum / Binnenstad
Bijlage 6 - Raadsvoorstel 2024-RAAD-00010.pdf;Voorkeursrecht mogelijke windmolenlocaties;Duurzaamheid;2024-03-26;Arnold Vedder, Ton van Amerongen, Johannes Terpstra, Leon Pulles, M. Scheringa, RES-regio West-Overijssel, Provincie Overijssel, De Lende, Ossenzijlerweg, Kadaster;Collegebesluit van 9 januari 2024 (voorkeursrechtbeschikking), Omgevingswet, Omgevingsbesluit;Oldemarkt
Bijlage 6 - reactie besturen RSJ en GGD op zienswijze raad Olst-Wijhe (1).pdf;Reactie besturen GGD en RSJ op zienswijze gemeenteraad Olst-Wijhe;Zienswijze GR;;GGD, RSJ, Gemeenteraad Olst-Wijhe, GR RSJ;Zienswijze gemeenteraad Olst-Wijhe, Begroting 2026 (GGD/RSJ);
Bijlage 6 - Uitgezoomde grondtekening.pdf;Uitgezoomde grondtekening mogelijke opstelling windturbines Oldemarkt e.o.;Windturbines;2023-12-14;S.G. Zwerver;;Oldemarkt, Ossenzijl
bijlage 6 251029 BVR Stadsvisie Steenwijk definitief lowres spreads.pdf;Stadsvisie Steenwijk: stad en landschap dichtbij;Stadsvisie;2025-10-29;BVR adviseurs, Goudappel, Steenwijkertoren, Villa Rams Woerthe, Koloniën van Weldadigheid, Johan van den Kornput, Prins Maurits, Johannes Postkazerne;Omgevingsvisie Steenwijkerland, Stadsvisie Vollenhove, Stadsvisie Blokzijl, Participatieverslag Stadsvisie Steenwijk;Steenwijk Centrum / Binnenstad, Oostermeenthe, Woldmeenthe, Tuk, Paddenpoel en Kornputkwartier, Groot Verlaat, Dolderkanaal, Eeserwold
Bijlage 6 Aanmeldnotitie m.e.r..pdf;Aanmeldnotitie vormvrije m.e.r.-beoordeling Steenwijk - Jan Steenstraat;Woningbouw;2021-10-10;Adviesbureau Haver Droeze, Anita van Bommel, SVP, Lycens, Jan Steenstraat, Admiraal de Ruyterstraat, Vondelstraat, Rembrandtstraat, Paul Krugerstraat, Verlaatseweg, Bilderdijkstraat, Gasthuislaan, OBS De Samensprong, Basisschool De Wegwijzer, Woonzorgcentrum Voetelinkhuis, Tuba Moskee, Vrije Zendingsgemeente, Kindcentrum Willem Alexander;Bestemmingsplan ‘Steenwijk – Jan Steenstraat’, Bureauonderzoek en inventariserend veldonderzoek (BO en IVO-O), Jan Steenstraat, Steenwijk, 27 augustus 2021 (Lycens), VNG-publicatie 'Bedrijven en milieuzonering' (editie 2009), Wet milieubeheer, Besluit m.e.r., Europese Richtlijn Milieueffectbeoordeling (85/337/EEG);Steenwijk West
BIJLAGE 6 benchmark theatersubsidie.pdf;Benchmark theatersubsidie;Theatersubsidie;;Ogterop Meppel, De Tamboer Hoogeveen, Posthuis Heerenveen, T Voorhuis Emmeloord, Stadsgehoorzaal Kampen, Meenthe Steenwijk, Voorveghter Hardenberg, Theater Analyse Systeem;;
Bijlage 6 bij de toelichting - Watertoets.pdf;Watertoets Herziening bestemmingsplan Bergstein;Woningbouw;2021-03-22;Ruben Beens (Witpaard BV), Waterschap Drents Overijsselse Delta, Bart Mossel (Gemeente Steenwijkerland);Waterbeheerplan 2016-2021, Water Raakt!, Keur, verbreed gemeentelijke rioleringsplan (vGRP);Tuk
Bijlage 6 Informatienota 2021.pdf;Beëindiging voorbereiding toetreding Historisch Centrum Overijssel;Gemeentearchief;2021-12-14;Historisch Centrum Overijssel (HCO), T. Jongman, Roel Lensen, Johannes Terpstra, Rijk;Raadsbesluit 19 juni 2018;
BIJLAGE 6 Stappenplan bij uitzondering op een openbare selectieprocedure.pdf;Stappenplan bij uitzondering op een openbare selectieprocedure;Grondbeleid;;College, Civiele rechter;Uitgiftebeleid, Nota Grondbeleid;
Bijlage 6 van de toelichting - beleidskader voor kleine windmolens in de gemeente Steenwijkerland.pdf;Beleidskader voor kleine windmolens;Windenergie;2022-01-25;BCS, LTO, Bosch & Van Rijn, Energiecoöperaties;Raadsbesluit 25-01-2022, Motie 26 mei 2020, Uitgangspuntennotitie Kleine Windmolens, Locatieonderzoek kleine windmolens (2013), Landschapsontwikkelingsplan (LOP);Dolderkanaal, Groot Verlaat, Eeserwold, Oldemarkt
Bijlage 6- Overzicht gerelateerd beleid en bestaande samenwerkingsverbanden.pdf;Overzicht gerelateerd beleid en bestaande samenwerkingsverbanden;Gezondheidsbeleid;;GGD (GGD IJsselland), Sociaal Werk De Kop, kinderopvang, onderwijs (scholen, ROC's, besturen basisscholen), huisartsenpraktijken (Dokter Drenthe), verloskundigen (Verloskundigen Tjongerschans), kraamzorg, sportaanbieders, zorginstellingen (Noorderboog, thuiszorg, specialist ouderengeneeskunde), fysiotherapeuten, cultuurorganisaties (Meenthe, Cultuurklik, historische verenigingen), Taalpunt, de bibliotheek (Bibliotheek Kop van Overijssel), Tactus, Halt, politie, Noord West Groep (NWG), RIBW, Vluchtelingenwerk, woningcorporaties, VNN, Fietsersbond, Stichting Regenboog Steenwijkerland, Isala POP-poli, Stichting Lezen en Schrijven, provincie Overijssel, Omgevingsdienst IJsselland, Gemeenten IJsselland, Gemeenten regio IJssel-Vecht, Zorgverzekeraar, POH-er Jeugd GGZ;Preventief jeugdbeleid, Onderwijsachterstandenbeleid, Sport- en beweegbeleid, Cultuurbeleid, Beleidsplan laaggeletterdheid overgangsjaar 2023, Preventie- en handhavingsplan 2023-2026, Integraal veiligheidsplan 2023-2026, Visie op participatie 2020-2023, Armoede- en minimabeleid, Woonagenda Steenwijkerland 2022-2026, Mobiliteitsvisie en Fietsplan, Omgevingsvisie, Inclusiebeleid (regenboogbeleid 2022-2025), Steenwijkerlands Sport & Beweegakkoord, Gezond en Actief Leven Akkoord (GALA), Integraal Zorgakkoord (IZA);
Bijlage 7 - Korte juridische toelichting.pdf;Korte uitwerking van het voorkeursrecht;Vestiging voorkeursrecht windenergieproject;;College van burgemeester en wethouders, Gemeenteraad, Rechtbank, Afdeling bestuursrechtspraak van de Raad van State, Voorzieningenrechter;Omgevingswet, Omgevingsplan, Omgevingsvisie, Ontwerpraadsvoorstel-besluit;
Bijlage 7 - Standaard waterparagraaf.pdf;Digitale Watertoets - Standaard waterparagraaf korte procedure;Watertoets;2022-08-04;Waterschap Drents Overijsselse Delta;Waterbeheerplan 2016-2021, Water Raakt!, De Keur, verbreed gemeentelijke rioleringsplan (vGRP);
bijlage 7 Achtergrondrapportage mobiliteit - Stadsvisie Steenwijk.pdf;Achtergrondrapport mobiliteit Stadsvisie Steenwijk;Mobiliteit;2025-10-21;Gemeente Steenwijkerland, Regio Zwolle;Stadsvisie Steenwijk, Eerder uitgevoerde mobiliteitsstudie;Steenwijk Centrum / Binnenstad
Bijlage 7 Advies HCO OR.pdf;Advies Ondernemingsraad inzake toetreding tot GR HCO;Toetreding GR HCO;2025-08-19;M. de Graaf (Algemeen directeur / gemeentesecretaris), Ondernemingsraad Steenwijkerland, Historisch Centrum Overijssel (HCO), CNV, FNV, Deventer, Kermis- en Circusmuseum, Nienke Dirksen-Swenne, Luuk Slager;Adviesaanvraag d.d. 8 juli 2025, Collegevoorstel toetreding GR HCO, Onderzoeksrapport, Functiebeschrijvingen, Arbeidsvoorwaardenvergelijking, Reacties van CNV en FNV, Rapport van de gemeentearchivaris, Overlegvergadering 17 juli 2025;
Bijlage 7- Sustainable development goals (SDGs).pdf;Bijlage 7: Global goals;Gezondheidsbeleid;;;Gezondheidsbeleid 2023-2026;
Bijlage 8 - Concept-Zienswijze programmabegroting 2026, inclusief meerjarenraming 2027-2029.pdf;Zienswijze concept programmabegroting 2026 GGD IJsselland;Zienswijze GR;2025-06-24;GGD IJsselland, Alma van Bruggen, Annet ten Hoff, Rob Bats;Brief van 9 april 2025 inzake concept programmabegroting 2026, Brief van negen aangesloten gemeenten aan de vier gemeenschappelijke regelingen inzake bezuinigingsmogelijkheden;
Bijlage 8 - Financieel overzicht SPUK.pdf;Financieel overzicht SPUK;SPUK / Gezondheid en Preventie;;GGD, GGD IJsselland;Lokaal Sportakkoord, integraal uitvoeringsplan;
Bijlage 8 Ruimtescan_De Kamp.pdf;Ruimtescan De Kamp;Woningbouw;2025-06-10;Ruimtewerk, Bureau BVR, Zuidveen, Schansweg, Provincie Overijssel, Regio Zwolle;Afwegingskader wonen en werken Steenwijk 2040, 2024_RAAD_00068 De toekomst van wonen en werken in Steenwijk, Stadsvisie Steenwijk, Woonagenda Steenwijkerland 2022- 2026, Woondeal West-Overijssel 2025 t/m eind 2030, Regionale woonzorgvisie 2024-2026 West-Overijssel, Ambitiedocument, spoorzone Steenwijk 2040, Verstedelijkingstrategie Regio Zwolle;
Bijlage 8. Quick scan flora en fauna.pdf;Quickscan Wet natuurbescherming Kanaaldijk 5 te Giethoorn;Bestemmingsplanwijziging;2021-09-16;De Omgevingsadviseurs, Eco Reest BV, Provincie Overijssel;;Giethoorn
bijlage 9 Onderzoek Waterhuishouding De Kamp.pdf;Onderzoek Waterhuishouding De Kamp;Woningbouw en Waterhuishouding;2025-10-13;Sweco, Raad van State, Stichting Behoud De Kamp, N2000-gebied De Wieden, StAB, TNO, Royal Haskoning;Bestemmingsplan nieuwbouwlocatie De Kamp (2007), Uitspraak Raad van State, TNO Rapport (1994), TNO keileemkaart (2013), REGISII v2.2, Verkennend booronderzoek Royal Haskoning (2009), Keileemkartering Royal Haskoning (2019);
